1508,Tree,Single,LDCL,Single,WM,Single,UM,Single
2514,Tree,Single,LDCL,Single,WM,Single,UM,Single
3017,Tree,Single,LDCL,Single,WM,Single,UM,Single
3520,Tree,Single,LDCL,Single,WM,Single,UM,Single
5029,Tree,Single,LDCL,Single,WM,Single,UM,Single
5532,Tree,Multi_Single,LDCL,Multi_Single,WM,Multi_Single,UM,Multi_Single
6035,Tree,Single,LDCL,Single,WM,Single,UM,Single
6538,Tree,Single,LDCL,Single,WM,Single,UM,Single
7544,Tree,Single,LDCL,Single,WM,Single,UM,Single
8047,Tree,Multi_Multi,LDCL,Unmatch,WM,Unmatch,UM,Multi_Multi
8550,Tree,Single,LDCL,Single,WM,Single,UM,Single
9556,Tree,Single,LDCL,Single,WM,Single,UM,Single
10059,Tree,Single,LDCL,Single,WM,Single,UM,Single
10562,Tree,Single,LDCL,Single,WM,Single,UM,Single
11065,Tree,Single,LDCL,Single,WM,Single,UM,Single
11568,Tree,Unmatch,LDCL,Unmatch,WM,Unmatch,UM,Unmatch
12574,Tree,Single,LDCL,Single,WM,Single,UM,Multi_Multi
13580,Tree,Single,LDCL,Single,WM,Single,UM,Single
14083,Tree,Multi_Single,LDCL,Multi_Single,WM,Multi_Single,UM,Multi_Single
14586,Tree,Multi_Single,LDCL,Multi_Single,WM,Unmatch,UM,Multi_Multi
15089,Tree,Single,LDCL,Single,WM,Single,UM,Single
16095,Tree,Q_Match_Single,LDCL,Q_Match_Single,WM,Q_Match_Single,UM,Q_Match_Single
16598,Tree,Single,LDCL,Single,WM,Single,UM,Single
17101,Tree,Single,LDCL,Single,WM,Single,UM,Multi_Multi
18610,Tree,Single,LDCL,Single,WM,Single,UM,Single
19113,Tree,Single,LDCL,Single,WM,Single,UM,Single
19616,Tree,Unmatch,LDCL,Unmatch,WM,Unmatch,UM,Unmatch
20119,Tree,Unmatch,LDCL,Single,WM,Single,UM,Single
21125,Tree,Single,LDCL,Single,WM,Single,UM,Single
21628,Tree,Single,LDCL,Single,WM,Single,UM,Single
22131,Tree,Single,LDCL,Single,WM,Single,UM,Single
22634,Tree,Single,LDCL,Single,WM,Single,UM,Single
23137,Tree,Single,LDCL,Single,WM,Single,UM,Single
24143,Tree,Single,LDCL,Single,WM,Single,UM,Single
24646,Tree,Unmatch,LDCL,Unmatch,WM,Unmatch,UM,Unmatch
25149,Tree,Single,LDCL,Single,WM,Single,UM,Single
25652,Tree,Single,LDCL,Single,WM,Single,UM,Single
26155,Tree,Single,LDCL,Single,WM,Single,UM,Single
26658,Tree,Q_Match_Multi,LDCL,Q_Match_Multi,WM,Q_Match_Multi,UM,Q_Match_Multi
27664,Tree,Single,LDCL,Single,WM,Single,UM,Single
28167,Tree,Single,LDCL,Single,WM,Single,UM,Single
29173,Tree,Single,LDCL,Single,WM,Single,UM,Single
29676,Tree,Single,LDCL,Single,WM,Single,UM,Single
30179,Tree,Multi_Single,LDCL,Multi_Single,WM,Multi_Single,UM,Multi_Single
30682,Tree,Single,LDCL,Single,WM,Single,UM,Single
31185,Tree,Single,LDCL,Single,WM,Single,UM,Single
31688,Tree,Single,LDCL,Single,WM,Single,UM,Single
32694,Tree,Unmatch,LDCL,Unmatch,WM,Unmatch,UM,Unmatch
33197,Tree,Single,LDCL,Single,WM,Single,UM,Single
33700,Tree,Single,LDCL,Single,WM,Single,UM,Single
35209,Tree,Single,LDCL,Single,WM,Single,UM,Single
35712,Tree,Single,LDCL,Single,WM,Single,UM,Single
36215,Tree,Single,LDCL,Single,WM,Single,UM,Single
36718,Tree,Single,LDCL,Single,WM,Single,UM,Single
40239,Tree,Single,LDCL,Single,WM,Single,UM,Single
40742,Tree,Single,LDCL,Single,WM,Single,UM,Single
41245,Tree,Single,LDCL,Single,WM,Single,UM,Single
43257,Tree,Single,LDCL,Single,WM,Single,UM,Single
43760,Tree,Single,LDCL,Single,WM,Single,UM,Single
44263,Tree,Multi_Single,LDCL,Multi_Single,WM,Multi_Single,UM,Multi_Single
44766,Tree,Unmatch,LDCL,Unmatch,WM,Unmatch,UM,Unmatch
45269,Tree,Single,LDCL,Single,WM,Single,UM,Single
45772,Tree,Single,LDCL,Single,WM,Single,UM,Single
46275,Tree,Single,LDCL,Single,WM,Single,UM,Single
46778,Tree,Single,LDCL,Single,WM,Single,UM,Single
47281,Tree,Single,LDCL,Single,WM,Single,UM,Single
47784,Tree,Single,LDCL,Single,WM,Single,UM,Single
48287,Tree,Multi_Single,LDCL,Multi_Single,WM,Multi_Single,UM,Multi_Single
49293,Tree,Single,LDCL,Single,WM,Single,UM,Single
49796,Tree,Single,LDCL,Single,WM,Single,UM,Single
50802,Tree,Single,LDCL,Single,WM,Single,UM,Single
51808,Tree,Single,LDCL,Single,WM,Single,UM,Single
52311,Tree,Single,LDCL,Single,WM,Single,UM,Single
53317,Tree,Single,LDCL,Single,WM,Single,UM,Single
54323,Tree,Single,LDCL,Single,WM,Single,UM,Single
54826,Tree,Multi_Single,LDCL,Multi_Single,WM,Multi_Single,UM,Multi_Single
55832,Tree,Single,LDCL,Single,WM,Single,UM,Single
56335,Tree,Single,LDCL,Single,WM,Single,UM,Single
56838,Tree,Single,LDCL,Single,WM,Single,UM,Single
57844,Tree,Single,LDCL,Single,WM,Single,UM,Single
58850,Tree,Single,LDCL,Single,WM,Single,UM,Single
59353,Tree,Single,LDCL,Single,WM,Single,UM,Single
59856,Tree,Single,LDCL,Single,WM,Single,UM,Single
60359,Tree,Single,LDCL,Single,WM,Single,UM,Single
60862,Tree,Single,LDCL,Single,WM,Single,UM,Single
61365,Tree,Single,LDCL,Single,WM,Single,UM,Single
62371,Tree,Single,LDCL,Single,WM,Single,UM,Single
62874,Tree,Single,LDCL,Single,WM,Single,UM,Single
63377,Tree,Single,LDCL,Single,WM,Single,UM,Single
64383,Tree,Single,LDCL,Single,WM,Single,UM,Single
65389,Tree,Single,LDCL,Single,WM,Single,UM,Single
66898,Tree,Single,LDCL,Single,WM,Single,UM,Single
67401,Tree,Multi_Single,LDCL,Multi_Single,WM,Multi_Single,UM,Multi_Single
67904,Tree,Single,LDCL,Single,WM,Single,UM,Single
68407,Tree,Single,LDCL,Single,WM,Single,UM,Single
68910,Tree,Single,LDCL,Single,WM,Single,UM,Single
69413,Tree,Single,LDCL,Single,WM,Single,UM,Single
69916,Tree,Single,LDCL,Single,WM,Single,UM,Single
70419,Tree,Single,LDCL,Single,WM,Single,UM,Single
70922,Tree,Single,LDCL,Single,WM,Single,UM,Single
71425,Tree,Single,LDCL,Single,WM,Single,UM,Single
71928,Tree,Single,LDCL,Single,WM,Single,UM,Single
72431,Tree,Single,LDCL,Single,WM,Single,UM,Single
72934,Tree,Single,LDCL,Single,WM,Single,UM,Single
73437,Tree,Single,LDCL,Single,WM,Single,UM,Single
73940,Tree,Single,LDCL,Single,WM,Single,UM,Single
74443,Tree,Single,LDCL,Single,WM,Single,UM,Single
75449,Tree,Single,LDCL,Single,WM,Single,UM,Single
75952,Tree,Single,LDCL,Single,WM,Single,UM,Single
76455,Tree,Single,LDCL,Single,WM,Single,UM,Single
77461,Tree,Single,LDCL,Single,WM,Single,UM,Single
78467,Tree,Single,LDCL,Single,WM,Single,UM,Single
78970,Tree,Single,LDCL,Single,WM,Single,UM,Single
79473,Tree,Single,LDCL,Single,WM,Single,UM,Single
79976,Tree,Single,LDCL,Single,WM,Single,UM,Single
80479,Tree,Single,LDCL,Single,WM,Single,UM,Single
80982,Tree,Multi_Single,LDCL,Single,WM,Single,UM,Multi_Multi
81988,Tree,Multi_Single,LDCL,Multi_Single,WM,Multi_Single,UM,Multi_Single
82994,Tree,Single,LDCL,Single,WM,Single,UM,Single
83497,Tree,Single,LDCL,Single,WM,Single,UM,Single
84000,Tree,Single,LDCL,Single,WM,Single,UM,Single
84503,Tree,Single,LDCL,Single,WM,Single,UM,Single
85006,Tree,Single,LDCL,Single,WM,Single,UM,Single
85509,Tree,Single,LDCL,Single,WM,Single,UM,Single
86012,Tree,Single,LDCL,Single,WM,Single,UM,Single
86515,Tree,Single,LDCL,Single,WM,Single,UM,Single
87018,Tree,Single,LDCL,Single,WM,Single,UM,Single
87521,Tree,Single,LDCL,Single,WM,Single,UM,Single
88024,Tree,Single,LDCL,Single,WM,Single,UM,Single
88527,Tree,Single,LDCL,Single,WM,Single,UM,Single
89533,Tree,Single,LDCL,Single,WM,Single,UM,Single
90036,Tree,Single,LDCL,Single,WM,Single,UM,Single
90539,Tree,Unmatch,LDCL,Unmatch,WM,Unmatch,UM,Unmatch
91042,Tree,Single,LDCL,Single,WM,Single,UM,Single
91545,Tree,Single,LDCL,Single,WM,Single,UM,Single
92048,Tree,Single,LDCL,Single,WM,Single,UM,Single
93054,Tree,Single,LDCL,Single,WM,Single,UM,Single
93557,Tree,Single,LDCL,Single,WM,Single,UM,Single
94060,Tree,Single,LDCL,Single,WM,Single,UM,Single
94563,Tree,Single,LDCL,Single,WM,Single,UM,Single
95066,Tree,Single,LDCL,Single,WM,Single,UM,Single
95569,Tree,Single,LDCL,Single,WM,Single,UM,Single
96575,Tree,Single,LDCL,Single,WM,Single,UM,Single
97078,Tree,Single,LDCL,Single,WM,Single,UM,Single
98587,Tree,Single,LDCL,Single,WM,Single,UM,Single
99090,Tree,Single,LDCL,Single,WM,Single,UM,Single
99593,Tree,Single,LDCL,Single,WM,Multi_Single,UM,Multi_Multi
100096,Tree,Multi_Single,LDCL,Single,WM,Multi_Single,UM,Multi_Single
100599,Tree,Single,LDCL,Single,WM,Single,UM,Single
101605,Tree,Single,LDCL,Single,WM,Single,UM,Single
102611,Tree,Single,LDCL,Single,WM,Single,UM,Single
103114,Tree,Single,LDCL,Single,WM,Single,UM,Single
104120,Tree,Single,LDCL,Single,WM,Single,UM,Single
104623,Tree,Single,LDCL,Single,WM,Single,UM,Single
105126,Tree,Single,LDCL,Single,WM,Single,UM,Single
105629,Tree,Single,LDCL,Single,WM,Single,UM,Single
106132,Tree,Single,LDCL,Single,WM,Single,UM,Single
106635,Tree,Single,LDCL,Single,WM,Single,UM,Single
107138,Tree,Single,LDCL,Single,WM,Single,UM,Single
107641,Tree,Single,LDCL,Single,WM,Single,UM,Single
108144,Tree,Single,LDCL,Single,WM,Single,UM,Single
109150,Tree,Single,LDCL,Single,WM,Single,UM,Single
109653,Tree,Single,LDCL,Single,WM,Single,UM,Single
110156,Tree,Single,LDCL,Single,WM,Single,UM,Single
110659,Tree,Single,LDCL,Single,WM,Single,UM,Single
111162,Tree,Single,LDCL,Single,WM,Single,UM,Single
111665,Tree,Multi_Multi,LDCL,Multi_Single,WM,Multi_Single,UM,Multi_Single
112168,Tree,Single,LDCL,Single,WM,Single,UM,Single
113174,Tree,Multi_Single,LDCL,Multi_Single,WM,Multi_Single,UM,Multi_Single
113677,Tree,Unmatch,LDCL,Unmatch,WM,Unmatch,UM,Unmatch
114180,Tree,Single,LDCL,Single,WM,Single,UM,Single
114683,Tree,Single,LDCL,Single,WM,Single,UM,Single
115186,Tree,Single,LDCL,Single,WM,Single,UM,Single
115689,Tree,Single,LDCL,Single,WM,Single,UM,Single
116192,Tree,Multi_Single,LDCL,Multi_Single,WM,Multi_Single,UM,Multi_Single
116695,Tree,Multi_Single,LDCL,Multi_Single,WM,Multi_Single,UM,Multi_Single
117198,Tree,Multi_Single,LDCL,Multi_Single,WM,Multi_Single,UM,Multi_Single
117701,Tree,Single,LDCL,Single,WM,Single,UM,Single
119210,Tree,Single,LDCL,Single,WM,Single,UM,Single
119713,Tree,Multi_Single,LDCL,Multi_Single,WM,Multi_Single,UM,Multi_Single
120216,Tree,Single,LDCL,Single,WM,Single,UM,Single
121222,Tree,Single,LDCL,Single,WM,Single,UM,Single
122228,Tree,Single,LDCL,Single,WM,Single,UM,Single
123234,Tree,Multi_Single,LDCL,Single,WM,Multi_Single,UM,Multi_Single
123737,Tree,Single,LDCL,Single,WM,Single,UM,Single
124240,Tree,Single,LDCL,Single,WM,Single,UM,Single
124743,Tree,Single,LDCL,Single,WM,Single,UM,Single
125246,Tree,Single,LDCL,Single,WM,Single,UM,Single
125749,Tree,Single,LDCL,Single,WM,Single,UM,Single
127761,Tree,Single,LDCL,Single,WM,Single,UM,Single
128264,Tree,Single,LDCL,Single,WM,Single,UM,Single
128767,Tree,Single,LDCL,Single,WM,Single,UM,Single
129270,Tree,Single,LDCL,Single,WM,Single,UM,Single
129773,Tree,Single,LDCL,Single,WM,Single,UM,Single
130276,Tree,Single,LDCL,Single,WM,Single,UM,Single
130779,Tree,Single,LDCL,Single,WM,Single,UM,Single
131282,Tree,Single,LDCL,Single,WM,Single,UM,Single
131785,Tree,Single,LDCL,Single,WM,Single,UM,Single
132288,Tree,Single,LDCL,Multi_Single,WM,Multi_Single,UM,Multi_Multi
132791,Tree,Single,LDCL,Single,WM,Single,UM,Single
133294,Tree,Single,LDCL,Single,WM,Single,UM,Single
133797,Tree,Single,LDCL,Single,WM,Single,UM,Single
134300,Tree,Single,LDCL,Single,WM,Single,UM,Single
134803,Tree,Single,LDCL,Single,WM,Single,UM,Single
135306,Tree,Single,LDCL,Single,WM,Single,UM,Single
135809,Tree,Single,LDCL,Single,WM,Single,UM,Single
136312,Tree,Single,LDCL,Single,WM,Single,UM,Single
136815,Tree,Unmatch,LDCL,Single,WM,Single,UM,Multi_Multi
137318,Tree,Single,LDCL,Single,WM,Single,UM,Single
137821,Tree,Single,LDCL,Single,WM,Single,UM,Single
138324,Tree,Single,LDCL,Single,WM,Single,UM,Multi_Multi
138827,Tree,Single,LDCL,Single,WM,Single,UM,Single
139833,Tree,Single,LDCL,Single,WM,Single,UM,Single
140839,Tree,Single,LDCL,Single,WM,Single,UM,Single
142348,Tree,Single,LDCL,Single,WM,Single,UM,Single
142851,Tree,Single,LDCL,Single,WM,Single,UM,Single
143354,Tree,Single,LDCL,Single,WM,Single,UM,Single
143857,Tree,Single,LDCL,Single,WM,Single,UM,Single
144360,Tree,Single,LDCL,Single,WM,Single,UM,Single
144863,Tree,Unmatch,LDCL,Unmatch,WM,Unmatch,UM,Unmatch
145366,Tree,Single,LDCL,Single,WM,Single,UM,Single
145869,Tree,Single,LDCL,Single,WM,Single,UM,Single
146875,Tree,Single,LDCL,Single,WM,Single,UM,Single
147378,Tree,Single,LDCL,Single,WM,Single,UM,Single
147881,Tree,Single,LDCL,Single,WM,Single,UM,Single
148887,Tree,Single,LDCL,Single,WM,Single,UM,Single
149390,Tree,Single,LDCL,Single,WM,Single,UM,Single
149893,Tree,Single,LDCL,Single,WM,Single,UM,Single
150396,Tree,Single,LDCL,Single,WM,Single,UM,Single
150899,Tree,Multi_Single,LDCL,Multi_Single,WM,Multi_Single,UM,Multi_Single
151905,Tree,Multi_Single,LDCL,Multi_Single,WM,Multi_Single,UM,Multi_Multi
152408,Tree,Single,LDCL,Single,WM,Single,UM,Single
153414,Tree,Single,LDCL,Single,WM,Single,UM,Single
153917,Tree,Single,LDCL,Single,WM,Single,UM,Single
154923,Tree,Unmatch,LDCL,Single,WM,Single,UM,Multi_Multi
155426,Tree,Single,LDCL,Single,WM,Single,UM,Single
155929,Tree,Single,LDCL,Single,WM,Single,UM,Single
156935,Tree,Unmatch,LDCL,Unmatch,WM,Unmatch,UM,Unmatch
157438,Tree,Multi_Single,LDCL,Multi_Single,WM,Multi_Single,UM,Multi_Single
158444,Tree,Single,LDCL,Single,WM,Single,UM,Multi_Multi
158947,Tree,Single,LDCL,Single,WM,Single,UM,Single
159953,Tree,Single,LDCL,Single,WM,Single,UM,Single
160456,Tree,Single,LDCL,Single,WM,Single,UM,Single
160959,Tree,Multi_Single,LDCL,Multi_Single,WM,Single,UM,Single
162468,Tree,Single,LDCL,Single,WM,Single,UM,Single
162971,Tree,Single,LDCL,Single,WM,Single,UM,Single
163474,Tree,Single,LDCL,Single,WM,Single,UM,Single
163977,Tree,Single,LDCL,Single,WM,Single,UM,Single
164480,Tree,Unmatch,LDCL,Unmatch,WM,Unmatch,UM,Unmatch
164983,Tree,Single,LDCL,Single,WM,Single,UM,Single
165989,Tree,Multi_Single,LDCL,Multi_Single,WM,Multi_Single,UM,Multi_Single
166492,Tree,Single,LDCL,Single,WM,Single,UM,Single
167498,Tree,Single,LDCL,Single,WM,Single,UM,Single
168504,Tree,Single,LDCL,Single,WM,Single,UM,Single
169510,Tree,Single,LDCL,Single,WM,Single,UM,Single
170013,Tree,Single,LDCL,Single,WM,Single,UM,Single
170516,Tree,Single,LDCL,Single,WM,Single,UM,Single
171019,Tree,Single,LDCL,Single,WM,Single,UM,Single
172528,Tree,Unmatch,LDCL,Unmatch,WM,Unmatch,UM,Unmatch
173031,Tree,Single,LDCL,Single,WM,Single,UM,Single
174037,Tree,Single,LDCL,Single,WM,Single,UM,Single
174540,Tree,Single,LDCL,Single,WM,Single,UM,Single
175043,Tree,Single,LDCL,Single,WM,Single,UM,Single
176049,Tree,Single,LDCL,Single,WM,Single,UM,Single
176552,Tree,Single,LDCL,Single,WM,Single,UM,Single
177055,Tree,Unmatch,LDCL,Single,WM,Single,UM,Multi_Multi
178061,Tree,Single,LDCL,Single,WM,Single,UM,Single
179067,Tree,Single,LDCL,Single,WM,Single,UM,Single
179570,Tree,Single,LDCL,Single,WM,Single,UM,Single
180073,Tree,Q_Match_Single,LDCL,Q_Match_Single,WM,Q_Match_Single,UM,Q_Match_Single
180576,Tree,Single,LDCL,Single,WM,Single,UM,Single
181079,Tree,Single,LDCL,Single,WM,Single,UM,Single
181582,Tree,Single,LDCL,Single,WM,Single,UM,Single
182085,Tree,Multi_Single,LDCL,Multi_Single,WM,Multi_Single,UM,Multi_Single
182588,Tree,Single,LDCL,Single,WM,Single,UM,Single
183594,Tree,Single,LDCL,Single,WM,Single,UM,Single
184097,Tree,Single,LDCL,Single,WM,Single,UM,Single
184600,Tree,Single,LDCL,Single,WM,Single,UM,Single
185103,Tree,Multi_Single,LDCL,Multi_Single,WM,Multi_Single,UM,Multi_Single
186109,Tree,Single,LDCL,Single,WM,Single,UM,Multi_Multi
187115,Tree,Single,LDCL,Single,WM,Single,UM,Single
188121,Tree,Single,LDCL,Single,WM,Single,UM,Single
188624,Tree,Single,LDCL,Single,WM,Single,UM,Single
189127,Tree,Single,LDCL,Single,WM,Single,UM,Single
189630,Tree,Unmatch,LDCL,Unmatch,WM,Unmatch,UM,Unmatch
190133,Tree,Single,LDCL,Single,WM,Single,UM,Single
190636,Tree,Single,LDCL,Single,WM,Single,UM,Single
191139,Tree,Multi_Single,LDCL,Multi_Single,WM,Multi_Single,UM,Multi_Single
191642,Tree,Single,LDCL,Single,WM,Single,UM,Single
192648,Tree,Single,LDCL,Single,WM,Single,UM,Single
193151,Tree,Single,LDCL,Single,WM,Single,UM,Single
193654,Tree,Single,LDCL,Single,WM,Single,UM,Single
194157,Tree,Unmatch,LDCL,Unmatch,WM,Unmatch,UM,Unmatch
194660,Tree,Single,LDCL,Single,WM,Single,UM,Single
195163,Tree,Unmatch,LDCL,Unmatch,WM,Unmatch,UM,Multi_Multi
195666,Tree,Single,LDCL,Single,WM,Single,UM,Single
198181,Tree,Single,LDCL,Single,WM,Single,UM,Single
198684,Tree,Single,LDCL,Single,WM,Single,UM,Single
199187,Tree,Single,LDCL,Single,WM,Single,UM,Single
199690,Tree,Single,LDCL,Single,WM,Single,UM,Single
200696,Tree,Single,LDCL,Single,WM,Single,UM,Single
201199,Tree,Single,LDCL,Single,WM,Single,UM,Single
201702,Tree,Single,LDCL,Single,WM,Single,UM,Single
202205,Tree,Single,LDCL,Single,WM,Single,UM,Single
202708,Tree,Single,LDCL,Single,WM,Single,UM,Single
203211,Tree,Single,LDCL,Single,WM,Single,UM,Single
203714,Tree,Single,LDCL,Single,WM,Single,UM,Single
204217,Tree,Single,LDCL,Single,WM,Single,UM,Single
204720,Tree,Single,LDCL,Single,WM,Single,UM,Single
205223,Tree,Single,LDCL,Single,WM,Single,UM,Single
205726,Tree,Single,LDCL,Single,WM,Single,UM,Single
206229,Tree,Single,LDCL,Single,WM,Single,UM,Single
207235,Tree,Single,LDCL,Single,WM,Single,UM,Single
207738,Tree,Single,LDCL,Single,WM,Single,UM,Single
208241,Tree,Single,LDCL,Single,WM,Single,UM,Single
208744,Tree,Single,LDCL,Single,WM,Single,UM,Single
210253,Tree,Single,LDCL,Single,WM,Single,UM,Single
210756,Tree,Single,LDCL,Single,WM,Single,UM,Single
211259,Tree,Unmatch,LDCL,Unmatch,WM,Unmatch,UM,Unmatch
211762,Tree,Single,LDCL,Single,WM,Single,UM,Single
212265,Tree,Unmatch,LDCL,Unmatch,WM,Unmatch,UM,Unmatch
212768,Tree,Unmatch,LDCL,Unmatch,WM,Unmatch,UM,Unmatch
213271,Tree,Unmatch,LDCL,Single,WM,Single,UM,Multi_Multi
213774,Tree,Unmatch,LDCL,Single,WM,Single,UM,Multi_Multi
214277,Tree,Single,LDCL,Single,WM,Single,UM,Single
214780,Tree,Single,LDCL,Single,WM,Single,UM,Single
215786,Tree,Single,LDCL,Single,WM,Single,UM,Single
216289,Tree,Single,LDCL,Single,WM,Single,UM,Multi_Multi
216792,Tree,Single,LDCL,Single,WM,Single,UM,Single
217798,Tree,Single,LDCL,Single,WM,Single,UM,Single
218301,Tree,Single,LDCL,Single,WM,Single,UM,Single
218804,Tree,Single,LDCL,Single,WM,Single,UM,Single
219307,Tree,Q_Match_Single,LDCL,Q_Match_Single,WM,Q_Match_Single,UM,Q_Match_Single
219810,Tree,Single,LDCL,Single,WM,Single,UM,Single
220313,Tree,Single,LDCL,Single,WM,Single,UM,Single
221319,Tree,Single,LDCL,Single,WM,Single,UM,Single
221822,Tree,Single,LDCL,Single,WM,Single,UM,Single
224337,Tree,Single,LDCL,Single,WM,Single,UM,Single
225343,Tree,Single,LDCL,Single,WM,Single,UM,Single
226852,Tree,Single,LDCL,Single,WM,Single,UM,Single
227355,Tree,Single,LDCL,Single,WM,Single,UM,Multi_Multi
227858,Tree,Single,LDCL,Single,WM,Single,UM,Single
228361,Tree,Unmatch,LDCL,Unmatch,WM,Unmatch,UM,Unmatch
229367,Tree,Single,LDCL,Single,WM,Single,UM,Multi_Multi
229870,Tree,Unmatch,LDCL,Unmatch,WM,Unmatch,UM,Unmatch
230373,Tree,Unmatch,LDCL,Unmatch,WM,Unmatch,UM,Unmatch
230876,Tree,Single,LDCL,Single,WM,Single,UM,Single
231379,Tree,Multi_Single,LDCL,Multi_Single,WM,Multi_Single,UM,Multi_Single
231882,Tree,Multi_Single,LDCL,Multi_Single,WM,Multi_Single,UM,Multi_Single
232385,Tree,Multi_Single,LDCL,Multi_Single,WM,Multi_Single,UM,Multi_Single
233894,Tree,Single,LDCL,Single,WM,Single,UM,Single
234900,Tree,Multi_Multi,LDCL,Single,WM,Single,UM,Multi_Multi
235403,Tree,Unmatch,LDCL,Single,WM,Single,UM,Single
235906,Tree,Unmatch,LDCL,Unmatch,WM,Unmatch,UM,Unmatch
236912,Tree,Single,LDCL,Single,WM,Single,UM,Single
237415,Tree,Single,LDCL,Single,WM,Single,UM,Single
237918,Tree,Single,LDCL,Single,WM,Single,UM,Single
238421,Tree,Single,LDCL,Single,WM,Single,UM,Single
239427,Tree,Single,LDCL,Single,WM,Single,UM,Single
240433,Tree,Single,LDCL,Single,WM,Single,UM,Single
240936,Tree,Single,LDCL,Single,WM,Single,UM,Single
241439,Tree,Single,LDCL,Single,WM,Single,UM,Single
241942,Tree,Single,LDCL,Single,WM,Single,UM,Single
242445,Tree,Single,LDCL,Single,WM,Single,UM,Single
242948,Tree,Single,LDCL,Single,WM,Single,UM,Single
243451,Tree,Multi_Single,LDCL,Multi_Single,WM,Multi_Single,UM,Multi_Single
244457,Tree,Single,LDCL,Single,WM,Single,UM,Single
244960,Tree,Single,LDCL,Single,WM,Single,UM,Single
245463,Tree,Multi_Single,LDCL,Multi_Single,WM,Multi_Single,UM,Multi_Single
245966,Tree,Single,LDCL,Single,WM,Single,UM,Single
246469,Tree,Multi_Single,LDCL,Multi_Single,WM,Multi_Single,UM,Multi_Single
247475,Tree,Single,LDCL,Single,WM,Single,UM,Single
247978,Tree,Unmatch,LDCL,Unmatch,WM,Unmatch,UM,Unmatch
248481,Tree,Single,LDCL,Single,WM,Single,UM,Single
249487,Tree,Single,LDCL,Single,WM,Single,UM,Single
249990,Tree,Single,LDCL,Single,WM,Single,UM,Single
250996,Tree,Unmatch,LDCL,Unmatch,WM,Unmatch,UM,Unmatch
252002,Tree,Single,LDCL,Single,WM,Single,UM,Single
252505,Tree,Single,LDCL,Single,WM,Single,UM,Single
253008,Tree,Unmatch,LDCL,Single,WM,Single,UM,Multi_Multi
253511,Tree,Unmatch,LDCL,Unmatch,WM,Unmatch,UM,Unmatch
254014,Tree,Multi_Single,LDCL,Multi_Single,WM,Multi_Single,UM,Multi_Single
255020,Tree,Single,LDCL,Single,WM,Single,UM,Single
255523,Tree,Single,LDCL,Single,WM,Single,UM,Single
256026,Tree,Unmatch,LDCL,Unmatch,WM,Unmatch,UM,Unmatch
257032,Tree,Single,LDCL,Single,WM,Single,UM,Single
257535,Tree,Multi_Single,LDCL,Multi_Single,WM,Unmatch,UM,Multi_Multi
258038,Tree,Unmatch,LDCL,Unmatch,WM,Unmatch,UM,Unmatch
258541,Tree,Single,LDCL,Single,WM,Single,UM,Single
259044,Tree,Single,LDCL,Single,WM,Single,UM,Single
259547,Tree,Single,LDCL,Single,WM,Single,UM,Single
260050,Tree,Multi_Single,LDCL,Multi_Single,WM,Multi_Single,UM,Multi_Single
260553,Tree,Single,LDCL,Unmatch,WM,Unmatch,UM,Multi_Multi
261559,Tree,Single,LDCL,Single,WM,Single,UM,Single
262062,Tree,Single,LDCL,Single,WM,Single,UM,Single
262565,Tree,Single,LDCL,Single,WM,Single,UM,Single
263068,Tree,Single,LDCL,Single,WM,Single,UM,Single
263571,Tree,Single,LDCL,Single,WM,Single,UM,Single
264577,Tree,Single,LDCL,Single,WM,Single,UM,Single
265080,Tree,Single,LDCL,Single,WM,Single,UM,Single
265583,Tree,Single,LDCL,Single,WM,Single,UM,Single
266086,Tree,Single,LDCL,Single,WM,Single,UM,Single
266589,Tree,Single,LDCL,Single,WM,Single,UM,Single
267092,Tree,Single,LDCL,Single,WM,Single,UM,Single
267595,Tree,Unmatch,LDCL,Unmatch,WM,Unmatch,UM,Unmatch
268098,Tree,Single,LDCL,Single,WM,Single,UM,Single
269104,Tree,Multi_Single,LDCL,Multi_Single,WM,Multi_Single,UM,Multi_Single
269607,Tree,Single,LDCL,Single,WM,Single,UM,Single
270110,Tree,Unmatch,LDCL,Unmatch,WM,Unmatch,UM,Unmatch
271116,Tree,Single,LDCL,Single,WM,Single,UM,Single
271619,Tree,Single,LDCL,Single,WM,Single,UM,Single
272625,Tree,Single,LDCL,Single,WM,Single,UM,Single
273128,Tree,Single,LDCL,Single,WM,Single,UM,Single
273631,Tree,Single,LDCL,Single,WM,Single,UM,Single
274134,Tree,Single,LDCL,Single,WM,Single,UM,Single
274637,Tree,Single,LDCL,Single,WM,Single,UM,Single
275140,Tree,Single,LDCL,Single,WM,Single,UM,Single
275643,Tree,Single,LDCL,Single,WM,Single,UM,Single
276649,Tree,Single,LDCL,Single,WM,Single,UM,Single
277152,Tree,Single,LDCL,Single,WM,Single,UM,Single
277655,Tree,Single,LDCL,Single,WM,Single,UM,Single
278158,Tree,Single,LDCL,Single,WM,Single,UM,Single
279164,Tree,Single,LDCL,Single,WM,Single,UM,Single
280170,Tree,Single,LDCL,Single,WM,Single,UM,Single
280673,Tree,Single,LDCL,Single,WM,Single,UM,Single
281176,Tree,Single,LDCL,Single,WM,Single,UM,Single
281679,Tree,Single,LDCL,Single,WM,Single,UM,Single
282182,Tree,Single,LDCL,Single,WM,Single,UM,Single
282685,Tree,Multi_Single,LDCL,Multi_Single,WM,Multi_Single,UM,Multi_Multi
283188,Tree,Single,LDCL,Single,WM,Single,UM,Single
283691,Tree,Single,LDCL,Single,WM,Single,UM,Single
284194,Tree,Multi_Single,LDCL,Multi_Single,WM,Multi_Single,UM,Multi_Single
284697,Tree,Single,LDCL,Single,WM,Single,UM,Single
285200,Tree,Single,LDCL,Single,WM,Single,UM,Single
285703,Tree,Single,LDCL,Single,WM,Single,UM,Single
286206,Tree,Single,LDCL,Single,WM,Single,UM,Single
286709,Tree,Single,LDCL,Single,WM,Single,UM,Single
287212,Tree,Single,LDCL,Single,WM,Single,UM,Single
287715,Tree,Single,LDCL,Single,WM,Single,UM,Single
288218,Tree,Single,LDCL,Single,WM,Single,UM,Single
288721,Tree,Single,LDCL,Single,WM,Single,UM,Single
289224,Tree,Single,LDCL,Single,WM,Single,UM,Single
289727,Tree,Single,LDCL,Single,WM,Single,UM,Single
290230,Tree,Single,LDCL,Single,WM,Single,UM,Single
290733,Tree,Multi_Single,LDCL,Single,WM,Single,UM,Multi_Multi
291236,Tree,Single,LDCL,Single,WM,Single,UM,Single
291739,Tree,Single,LDCL,Single,WM,Single,UM,Single
292242,Tree,Single,LDCL,Single,WM,Single,UM,Single
292745,Tree,Single,LDCL,Single,WM,Single,UM,Single
293248,Tree,Single,LDCL,Single,WM,Single,UM,Single
294757,Tree,Single,LDCL,Single,WM,Single,UM,Single
295260,Tree,Single,LDCL,Single,WM,Single,UM,Single
295763,Tree,Single,LDCL,Single,WM,Single,UM,Single
296769,Tree,Single,LDCL,Single,WM,Single,UM,Single
297272,Tree,Single,LDCL,Single,WM,Single,UM,Single
297775,Tree,Single,LDCL,Single,WM,Single,UM,Single
298278,Tree,Single,LDCL,Single,WM,Single,UM,Single
298781,Tree,Single,LDCL,Single,WM,Single,UM,Single
299284,Tree,Single,LDCL,Single,WM,Single,UM,Single
299787,Tree,Single,LDCL,Single,WM,Single,UM,Single
300290,Tree,Single,LDCL,Single,WM,Single,UM,Single
300793,Tree,Single,LDCL,Single,WM,Single,UM,Single
301296,Tree,Single,LDCL,Single,WM,Single,UM,Single
301799,Tree,Single,LDCL,Single,WM,Single,UM,Single
302302,Tree,Single,LDCL,Single,WM,Single,UM,Single
302805,Tree,Single,LDCL,Single,WM,Single,UM,Single
303308,Tree,Single,LDCL,Single,WM,Single,UM,Single
303811,Tree,Single,LDCL,Single,WM,Single,UM,Multi_Multi
304817,Tree,Single,LDCL,Single,WM,Single,UM,Single
305320,Tree,Single,LDCL,Single,WM,Single,UM,Single
305823,Tree,Multi_Single,LDCL,Multi_Single,WM,Multi_Single,UM,Multi_Single
306326,Tree,Single,LDCL,Single,WM,Single,UM,Single
306829,Tree,Single,LDCL,Single,WM,Single,UM,Single
307332,Tree,Single,LDCL,Single,WM,Single,UM,Single
308841,Tree,Single,LDCL,Single,WM,Single,UM,Single
309344,Tree,Single,LDCL,Single,WM,Single,UM,Single
310853,Tree,Single,LDCL,Single,WM,Single,UM,Single
311356,Tree,Single,LDCL,Single,WM,Single,UM,Single
311859,Tree,Single,LDCL,Single,WM,Single,UM,Single
312362,Tree,Single,LDCL,Single,WM,Single,UM,Single
312865,Tree,Multi_Single,LDCL,Multi_Single,WM,Multi_Single,UM,Multi_Single
314374,Tree,Single,LDCL,Single,WM,Single,UM,Single
314877,Tree,Single,LDCL,Single,WM,Single,UM,Single
315380,Tree,Single,LDCL,Single,WM,Single,UM,Single
315883,Tree,Single,LDCL,Single,WM,Single,UM,Single
316386,Tree,Single,LDCL,Single,WM,Single,UM,Single
316889,Tree,Single,LDCL,Single,WM,Single,UM,Single
317392,Tree,Single,LDCL,Single,WM,Single,UM,Single
317895,Tree,Single,LDCL,Single,WM,Single,UM,Single
318398,Tree,Single,LDCL,Single,WM,Single,UM,Single
319404,Tree,Single,LDCL,Single,WM,Single,UM,Single
319907,Tree,Single,LDCL,Single,WM,Single,UM,Single
320913,Tree,Single,LDCL,Single,WM,Single,UM,Single
321416,Tree,Single,LDCL,Single,WM,Single,UM,Single
321919,Tree,Single,LDCL,Single,WM,Single,UM,Single
322422,Tree,Unmatch,LDCL,Multi_Single,WM,Unmatch,UM,Multi_Multi
322925,Tree,Single,LDCL,Single,WM,Single,UM,Single
323428,Tree,Single,LDCL,Single,WM,Single,UM,Single
323931,Tree,Single,LDCL,Single,WM,Single,UM,Single
324434,Tree,Single,LDCL,Single,WM,Single,UM,Single
324937,Tree,Single,LDCL,Single,WM,Single,UM,Single
325440,Tree,Single,LDCL,Single,WM,Single,UM,Single
325943,Tree,Single,LDCL,Single,WM,Single,UM,Single
326446,Tree,Single,LDCL,Single,WM,Single,UM,Single
326949,Tree,Single,LDCL,Single,WM,Single,UM,Single
327452,Tree,Single,LDCL,Single,WM,Single,UM,Single
327955,Tree,Single,LDCL,Single,WM,Single,UM,Single
328458,Tree,Single,LDCL,Single,WM,Single,UM,Single
328961,Tree,Single,LDCL,Single,WM,Single,UM,Single
329967,Tree,Single,LDCL,Single,WM,Single,UM,Single
331476,Tree,Single,LDCL,Single,WM,Single,UM,Single
332482,Tree,Single,LDCL,Single,WM,Single,UM,Single
332985,Tree,Multi_Single,LDCL,Multi_Single,WM,Multi_Single,UM,Multi_Single
333488,Tree,Single,LDCL,Single,WM,Single,UM,Single
333991,Tree,Single,LDCL,Single,WM,Single,UM,Single
334494,Tree,Single,LDCL,Single,WM,Single,UM,Single
334997,Tree,Unmatch,LDCL,Single,WM,Single,UM,Multi_Multi
335500,Tree,Single,LDCL,Single,WM,Single,UM,Single
336003,Tree,Single,LDCL,Single,WM,Single,UM,Single
337009,Tree,Single,LDCL,Single,WM,Single,UM,Single
337512,Tree,Single,LDCL,Single,WM,Single,UM,Single
338015,Tree,Single,LDCL,Single,WM,Single,UM,Single
338518,Tree,Single,LDCL,Single,WM,Single,UM,Single
339021,Tree,Single,LDCL,Single,WM,Single,UM,Single
339524,Tree,Single,LDCL,Single,WM,Single,UM,Single
340027,Tree,Single,LDCL,Single,WM,Single,UM,Single
340530,Tree,Single,LDCL,Single,WM,Single,UM,Single
341033,Tree,Single,LDCL,Single,WM,Single,UM,Single
342039,Tree,Single,LDCL,Single,WM,Single,UM,Single
342542,Tree,Single,LDCL,Single,WM,Single,UM,Single
343045,Tree,Single,LDCL,Single,WM,Single,UM,Single
343548,Tree,Single,LDCL,Single,WM,Single,UM,Single
344051,Tree,Single,LDCL,Single,WM,Single,UM,Single
345057,Tree,Multi_Single,LDCL,Multi_Single,WM,Multi_Single,UM,Multi_Single
345560,Tree,Multi_Single,LDCL,Multi_Single,WM,Multi_Single,UM,Multi_Single
346063,Tree,Multi_Single,LDCL,Multi_Single,WM,Multi_Single,UM,Multi_Single
346566,Tree,Single,LDCL,Single,WM,Single,UM,Single
347069,Tree,Single,LDCL,Single,WM,Single,UM,Single
348075,Tree,Single,LDCL,Single,WM,Single,UM,Single
348578,Tree,Single,LDCL,Single,WM,Single,UM,Single
349081,Tree,Single,LDCL,Single,WM,Single,UM,Single
350590,Tree,Single,LDCL,Single,WM,Single,UM,Single
351596,Tree,Single,LDCL,Single,WM,Single,UM,Single
352099,Tree,Multi_Multi,LDCL,Multi_Single,WM,Multi_Single,UM,Multi_Single
352602,Tree,Single,LDCL,Single,WM,Single,UM,Single
353105,Tree,Single,LDCL,Single,WM,Single,UM,Single
353608,Tree,Single,LDCL,Single,WM,Single,UM,Single
354111,Tree,Single,LDCL,Single,WM,Single,UM,Single
354614,Tree,Single,LDCL,Single,WM,Single,UM,Single
355117,Tree,Single,LDCL,Single,WM,Single,UM,Single
355620,Tree,Single,LDCL,Single,WM,Single,UM,Single
356123,Tree,Single,LDCL,Single,WM,Single,UM,Single
356626,Tree,Single,LDCL,Single,WM,Single,UM,Single
357129,Tree,Single,LDCL,Single,WM,Single,UM,Single
357632,Tree,Single,LDCL,Single,WM,Single,UM,Single
358135,Tree,Single,LDCL,Single,WM,Single,UM,Single
358638,Tree,Single,LDCL,Single,WM,Single,UM,Single
359644,Tree,Single,LDCL,Single,WM,Single,UM,Single
360147,Tree,Single,LDCL,Single,WM,Single,UM,Single
360650,Tree,Single,LDCL,Single,WM,Single,UM,Multi_Multi
362159,Tree,Single,LDCL,Single,WM,Single,UM,Single
362662,Tree,Single,LDCL,Single,WM,Single,UM,Single
363165,Tree,Single,LDCL,Single,WM,Single,UM,Single
363668,Tree,Single,LDCL,Single,WM,Single,UM,Single
365680,Tree,Single,LDCL,Multi_Single,WM,Multi_Single,UM,Multi_Single
367189,Tree,Single,LDCL,Single,WM,Single,UM,Single
367692,Tree,Single,LDCL,Single,WM,Single,UM,Single
368195,Tree,Single,LDCL,Single,WM,Single,UM,Single
369201,Tree,Single,LDCL,Single,WM,Single,UM,Single
369704,Tree,Multi_Single,LDCL,Multi_Single,WM,Multi_Single,UM,Multi_Single
370207,Tree,Single,LDCL,Single,WM,Single,UM,Single
370710,Tree,Single,LDCL,Single,WM,Single,UM,Single
371213,Tree,Single,LDCL,Single,WM,Single,UM,Single
371716,Tree,Single,LDCL,Single,WM,Single,UM,Single
372219,Tree,Single,LDCL,Single,WM,Single,UM,Single
372722,Tree,Single,LDCL,Single,WM,Single,UM,Single
373728,Tree,Single,LDCL,Single,WM,Single,UM,Single
374231,Tree,Single,LDCL,Single,WM,Single,UM,Single
374734,Tree,Single,LDCL,Single,WM,Single,UM,Single
375237,Tree,Single,LDCL,Single,WM,Single,UM,Single
375740,Tree,Single,LDCL,Single,WM,Single,UM,Single
376243,Tree,Single,LDCL,Single,WM,Single,UM,Single
376746,Tree,Single,LDCL,Single,WM,Single,UM,Single
378758,Tree,Single,LDCL,Single,WM,Single,UM,Single
379764,Tree,Single,LDCL,Single,WM,Single,UM,Single
380770,Tree,Single,LDCL,Single,WM,Single,UM,Single
381273,Tree,Single,LDCL,Single,WM,Single,UM,Single
382279,Tree,Single,LDCL,Single,WM,Single,UM,Single
382782,Tree,Single,LDCL,Single,WM,Single,UM,Single
383285,Tree,Unmatch,LDCL,Unmatch,WM,Unmatch,UM,Unmatch
383788,Tree,Single,LDCL,Single,WM,Single,UM,Single
384291,Tree,Single,LDCL,Single,WM,Single,UM,Single
384794,Tree,Single,LDCL,Single,WM,Single,UM,Single
385297,Tree,Single,LDCL,Single,WM,Single,UM,Single
385800,Tree,Single,LDCL,Single,WM,Single,UM,Single
386806,Tree,Single,LDCL,Single,WM,Single,UM,Single
387309,Tree,Single,LDCL,Single,WM,Single,UM,Single
387812,Tree,Single,LDCL,Single,WM,Single,UM,Single
388315,Tree,Unmatch,LDCL,Unmatch,WM,Unmatch,UM,Unmatch
388818,Tree,Single,LDCL,Single,WM,Single,UM,Single
389321,Tree,Single,LDCL,Single,WM,Single,UM,Single
390327,Tree,Single,LDCL,Single,WM,Single,UM,Single
391333,Tree,Single,LDCL,Single,WM,Single,UM,Single
391836,Tree,Single,LDCL,Single,WM,Single,UM,Single
392339,Tree,Single,LDCL,Single,WM,Single,UM,Single
393848,Tree,Multi_Single,LDCL,Multi_Single,WM,Multi_Single,UM,Multi_Single
394351,Tree,Single,LDCL,Single,WM,Single,UM,Single
394854,Tree,Single,LDCL,Single,WM,Single,UM,Single
396363,Tree,Single,LDCL,Single,WM,Single,UM,Single
397369,Tree,Single,LDCL,Single,WM,Single,UM,Single
397872,Tree,Single,LDCL,Single,WM,Single,UM,Single
398375,Tree,Single,LDCL,Single,WM,Single,UM,Single
399381,Tree,Single,LDCL,Single,WM,Single,UM,Single
400387,Tree,Single,LDCL,Single,WM,Single,UM,Single
400890,Tree,Single,LDCL,Single,WM,Multi_Single,UM,Multi_Multi
401896,Tree,Single,LDCL,Single,WM,Single,UM,Single
402399,Tree,Single,LDCL,Single,WM,Single,UM,Single
402902,Tree,Single,LDCL,Single,WM,Single,UM,Single
403405,Tree,Single,LDCL,Single,WM,Single,UM,Single
403908,Tree,Unmatch,LDCL,Unmatch,WM,Unmatch,UM,Unmatch
404411,Tree,Single,LDCL,Single,WM,Single,UM,Single
405417,Tree,Single,LDCL,Single,WM,Single,UM,Single
406926,Tree,Single,LDCL,Single,WM,Single,UM,Single
410950,Tree,Single,LDCL,Single,WM,Single,UM,Multi_Multi
411453,Tree,Single,LDCL,Single,WM,Single,UM,Single
411956,Tree,Multi_Single,LDCL,Single,WM,Single,UM,Multi_Multi
412459,Tree,Single,LDCL,Single,WM,Single,UM,Single
412962,Tree,Single,LDCL,Single,WM,Single,UM,Single
413968,Tree,Single,LDCL,Single,WM,Single,UM,Single
417992,Tree,Single,LDCL,Single,WM,Single,UM,Single
418998,Tree,Unmatch,LDCL,Unmatch,WM,Unmatch,UM,Unmatch
419501,Tree,Single,LDCL,Single,WM,Single,UM,Single
420004,Tree,Single,LDCL,Single,WM,Single,UM,Single
421513,Tree,Single,LDCL,Single,WM,Single,UM,Single
422519,Tree,Single,LDCL,Single,WM,Single,UM,Single
423022,Tree,Single,LDCL,Single,WM,Single,UM,Single
423525,Tree,Single,LDCL,Single,WM,Single,UM,Single
424531,Tree,Single,LDCL,Single,WM,Single,UM,Single
425034,Tree,Single,LDCL,Single,WM,Single,UM,Single
425537,Tree,Single,LDCL,Single,WM,Single,UM,Single
426040,Tree,Single,LDCL,Single,WM,Single,UM,Single
426543,Tree,Single,LDCL,Single,WM,Single,UM,Single
427046,Tree,Single,LDCL,Single,WM,Single,UM,Single
427549,Tree,Multi_Single,LDCL,Multi_Single,WM,Multi_Single,UM,Multi_Single
429058,Tree,Single,LDCL,Single,WM,Single,UM,Single
429561,Tree,Single,LDCL,Single,WM,Single,UM,Single
430064,Tree,Single,LDCL,Single,WM,Single,UM,Single
431070,Tree,Single,LDCL,Single,WM,Single,UM,Single
431573,Tree,Single,LDCL,Single,WM,Single,UM,Single
432076,Tree,Single,LDCL,Single,WM,Single,UM,Single
433082,Tree,Single,LDCL,Single,WM,Single,UM,Single
433585,Tree,Single,LDCL,Single,WM,Single,UM,Single
434088,Tree,Single,LDCL,Single,WM,Single,UM,Single
434591,Tree,Single,LDCL,Single,WM,Single,UM,Single
435094,Tree,Single,LDCL,Single,WM,Single,UM,Single
435597,Tree,Single,LDCL,Single,WM,Single,UM,Single
436100,Tree,Single,LDCL,Single,WM,Single,UM,Multi_Multi
437609,Tree,Single,LDCL,Single,WM,Single,UM,Single
438112,Tree,Single,LDCL,Single,WM,Single,UM,Single
439118,Tree,Single,LDCL,Single,WM,Single,UM,Single
439621,Tree,Single,LDCL,Single,WM,Single,UM,Single
440124,Tree,Single,LDCL,Single,WM,Single,UM,Single
441130,Tree,Unmatch,LDCL,Unmatch,WM,Unmatch,UM,Unmatch
441633,Tree,Single,LDCL,Single,WM,Single,UM,Single
442639,Tree,Single,LDCL,Single,WM,Single,UM,Single
444148,Tree,Single,LDCL,Single,WM,Single,UM,Single
445154,Tree,Single,LDCL,Single,WM,Single,UM,Single
445657,Tree,Single,LDCL,Single,WM,Single,UM,Single
446663,Tree,Unmatch,LDCL,Single,WM,Single,UM,Single
447166,Tree,Single,LDCL,Single,WM,Single,UM,Single
448675,Tree,Single,LDCL,Single,WM,Single,UM,Single
450184,Tree,Single,LDCL,Single,WM,Single,UM,Single
450687,Tree,Unmatch,LDCL,Single,WM,Single,UM,Multi_Multi
451693,Tree,Single,LDCL,Single,WM,Single,UM,Single
452196,Tree,Single,LDCL,Single,WM,Single,UM,Single
452699,Tree,Single,LDCL,Single,WM,Single,UM,Single
453202,Tree,Q_Match_Single,LDCL,Q_Match_Single,WM,Q_Match_Single,UM,Q_Match_Single
453705,Tree,Single,LDCL,Single,WM,Single,UM,Single
455214,Tree,Single,LDCL,Single,WM,Single,UM,Single
455717,Tree,Single,LDCL,Single,WM,Single,UM,Single
456220,Tree,Single,LDCL,Single,WM,Single,UM,Single
456723,Tree,Single,LDCL,Single,WM,Single,UM,Single
457226,Tree,Single,LDCL,Single,WM,Single,UM,Single
458232,Tree,Single,LDCL,Single,WM,Single,UM,Single
459238,Tree,Single,LDCL,Single,WM,Single,UM,Single
460244,Tree,Single,LDCL,Single,WM,Single,UM,Single
460747,Tree,Single,LDCL,Single,WM,Single,UM,Single
461250,Tree,Single,LDCL,Single,WM,Single,UM,Single
462256,Tree,Single,LDCL,Single,WM,Single,UM,Single
462759,Tree,Single,LDCL,Single,WM,Single,UM,Single
463262,Tree,Single,LDCL,Single,WM,Single,UM,Single
463765,Tree,Single,LDCL,Single,WM,Single,UM,Single
464268,Tree,Single,LDCL,Single,WM,Single,UM,Single
464771,Tree,Single,LDCL,Single,WM,Single,UM,Single
465777,Tree,Single,LDCL,Single,WM,Single,UM,Single
466280,Tree,Single,LDCL,Single,WM,Single,UM,Single
466783,Tree,Single,LDCL,Single,WM,Single,UM,Single
467286,Tree,Single,LDCL,Single,WM,Single,UM,Single
468292,Tree,Single,LDCL,Single,WM,Single,UM,Single
468795,Tree,Single,LDCL,Single,WM,Single,UM,Single
470304,Tree,Single,LDCL,Single,WM,Single,UM,Single
470807,Tree,Single,LDCL,Single,WM,Single,UM,Single
473322,Tree,Unmatch,LDCL,Unmatch,WM,Unmatch,UM,Unmatch
473825,Tree,Single,LDCL,Single,WM,Single,UM,Single
474328,Tree,Single,LDCL,Single,WM,Single,UM,Single
474831,Tree,Single,LDCL,Single,WM,Single,UM,Single
475334,Tree,Single,LDCL,Single,WM,Single,UM,Single
475837,Tree,Single,LDCL,Single,WM,Single,UM,Single
476340,Tree,Single,LDCL,Single,WM,Single,UM,Single
476843,Tree,Single,LDCL,Single,WM,Single,UM,Single
477346,Tree,Single,LDCL,Single,WM,Single,UM,Single
477849,Tree,Single,LDCL,Single,WM,Single,UM,Single
478352,Tree,Single,LDCL,Single,WM,Single,UM,Single
478855,Tree,Single,LDCL,Single,WM,Single,UM,Single
479358,Tree,Single,LDCL,Single,WM,Single,UM,Single
479861,Tree,Single,LDCL,Multi_Single,WM,Multi_Single,UM,Multi_Multi
480364,Tree,Single,LDCL,Multi_Single,WM,Multi_Single,UM,Multi_Single
480867,Tree,Single,LDCL,Single,WM,Single,UM,Single
481370,Tree,Single,LDCL,Single,WM,Single,UM,Single
481873,Tree,Single,LDCL,Single,WM,Single,UM,Single
482879,Tree,Single,LDCL,Single,WM,Single,UM,Single
483382,Tree,Single,LDCL,Single,WM,Single,UM,Single
483885,Tree,Single,LDCL,Single,WM,Single,UM,Single
484388,Tree,Single,LDCL,Single,WM,Single,UM,Single
485394,Tree,Single,LDCL,Single,WM,Single,UM,Single
486903,Tree,Unmatch,LDCL,Unmatch,WM,Unmatch,UM,Unmatch
487909,Tree,Single,LDCL,Single,WM,Single,UM,Single
488412,Tree,Single,LDCL,Single,WM,Single,UM,Single
488915,Tree,Single,LDCL,Single,WM,Single,UM,Multi_Multi
489418,Tree,Single,LDCL,Single,WM,Single,UM,Single
489921,Tree,Q_Match_Single,LDCL,Q_Match_Single,WM,Q_Match_Single,UM,Q_Match_Single
491430,Tree,Multi_Single,LDCL,Multi_Single,WM,Multi_Single,UM,Multi_Single
491933,Tree,Single,LDCL,Single,WM,Single,UM,Single
492436,Tree,Single,LDCL,Single,WM,Single,UM,Single
493945,Tree,Single,LDCL,Single,WM,Single,UM,Single
494448,Tree,Single,LDCL,Single,WM,Single,UM,Single
495454,Tree,Single,LDCL,Single,WM,Single,UM,Single
496460,Tree,Single,LDCL,Single,WM,Single,UM,Single
496963,Tree,Single,LDCL,Single,WM,Single,UM,Multi_Multi
497466,Tree,Single,LDCL,Single,WM,Single,UM,Single
497969,Tree,Unmatch,LDCL,Multi_Single,WM,Multi_Single,UM,Multi_Single
498472,Tree,Single,LDCL,Single,WM,Single,UM,Single
498975,Tree,Multi_Single,LDCL,Multi_Single,WM,Multi_Single,UM,Multi_Single
499478,Tree,Single,LDCL,Single,WM,Single,UM,Single
499981,Tree,Single,LDCL,Single,WM,Single,UM,Single
501490,Tree,Single,LDCL,Single,WM,Single,UM,Single
501993,Tree,Single,LDCL,Single,WM,Single,UM,Single
502496,Tree,Single,LDCL,Single,WM,Single,UM,Single
502999,Tree,Single,LDCL,Single,WM,Single,UM,Single
503502,Tree,Single,LDCL,Single,WM,Single,UM,Single
504005,Tree,Single,LDCL,Single,WM,Single,UM,Single
504508,Tree,Single,LDCL,Single,WM,Single,UM,Single
505011,Tree,Single,LDCL,Single,WM,Single,UM,Single
505514,Tree,Single,LDCL,Single,WM,Single,UM,Single
506017,Tree,Single,LDCL,Single,WM,Single,UM,Single
506520,Tree,Single,LDCL,Single,WM,Single,UM,Single
508532,Tree,Single,LDCL,Single,WM,Single,UM,Single
509035,Tree,Single,LDCL,Single,WM,Single,UM,Single
510041,Tree,Single,LDCL,Single,WM,Single,UM,Single
510544,Tree,Single,LDCL,Single,WM,Single,UM,Single
512053,Tree,Unmatch,LDCL,Unmatch,WM,Unmatch,UM,Unmatch
512556,Tree,Single,LDCL,Single,WM,Single,UM,Single
513562,Tree,Single,LDCL,Single,WM,Single,UM,Single
514065,Tree,Single,LDCL,Single,WM,Single,UM,Single
514568,Tree,Multi_Single,LDCL,Multi_Single,WM,Multi_Single,UM,Multi_Single
515574,Tree,Multi_Single,LDCL,Multi_Single,WM,Multi_Single,UM,Multi_Single
517083,Tree,Unmatch,LDCL,Unmatch,WM,Unmatch,UM,Unmatch
517586,Tree,Multi_Single,LDCL,Multi_Single,WM,Multi_Single,UM,Multi_Single
518089,Tree,Single,LDCL,Single,WM,Single,UM,Single
519598,Tree,Single,LDCL,Unmatch,WM,Unmatch,UM,Multi_Multi
520604,Tree,Single,LDCL,Single,WM,Single,UM,Single
521610,Tree,Single,LDCL,Single,WM,Single,UM,Single
523119,Tree,Single,LDCL,Single,WM,Single,UM,Single
523622,Tree,Single,LDCL,Single,WM,Single,UM,Single
524125,Tree,Single,LDCL,Single,WM,Single,UM,Single
524628,Tree,Single,LDCL,Single,WM,Single,UM,Single
525634,Tree,Single,LDCL,Single,WM,Single,UM,Single
526137,Tree,Single,LDCL,Single,WM,Single,UM,Single
526640,Tree,Single,LDCL,Single,WM,Single,UM,Single
527143,Tree,Single,LDCL,Single,WM,Single,UM,Single
527646,Tree,Single,LDCL,Single,WM,Single,UM,Single
528149,Tree,Single,LDCL,Single,WM,Single,UM,Single
528652,Tree,Single,LDCL,Single,WM,Single,UM,Single
529155,Tree,Single,LDCL,Single,WM,Single,UM,Single
529658,Tree,Single,LDCL,Single,WM,Single,UM,Single
530161,Tree,Single,LDCL,Single,WM,Single,UM,Single
530664,Tree,Single,LDCL,Single,WM,Single,UM,Single
531670,Tree,Single,LDCL,Single,WM,Single,UM,Single
532173,Tree,Single,LDCL,Single,WM,Single,UM,Single
534185,Tree,Single,LDCL,Single,WM,Single,UM,Single
535191,Tree,Single,LDCL,Single,WM,Single,UM,Single
536197,Tree,Single,LDCL,Single,WM,Single,UM,Single
537706,Tree,Single,LDCL,Single,WM,Single,UM,Single
538209,Tree,Single,LDCL,Single,WM,Single,UM,Single
538712,Tree,Single,LDCL,Single,WM,Single,UM,Single
539215,Tree,Single,LDCL,Single,WM,Single,UM,Single
540221,Tree,Single,LDCL,Single,WM,Single,UM,Single
540724,Tree,Multi_Multi,LDCL,Unmatch,WM,Unmatch,UM,Multi_Multi
541730,Tree,Single,LDCL,Single,WM,Single,UM,Single
542233,Tree,Single,LDCL,Single,WM,Single,UM,Single
543742,Tree,Single,LDCL,Single,WM,Single,UM,Single
544245,Tree,Single,LDCL,Single,WM,Single,UM,Single
544748,Tree,Single,LDCL,Single,WM,Single,UM,Single
545754,Tree,Single,LDCL,Single,WM,Single,UM,Single
546257,Tree,Single,LDCL,Single,WM,Single,UM,Single
546760,Tree,Single,LDCL,Single,WM,Single,UM,Single
547766,Tree,Single,LDCL,Single,WM,Single,UM,Single
548269,Tree,Single,LDCL,Single,WM,Single,UM,Single
548772,Tree,Single,LDCL,Single,WM,Single,UM,Single
549275,Tree,Single,LDCL,Single,WM,Single,UM,Single
550281,Tree,Single,LDCL,Single,WM,Single,UM,Single
551790,Tree,Single,LDCL,Single,WM,Single,UM,Single
553802,Tree,Single,LDCL,Single,WM,Single,UM,Single
555311,Tree,Single,LDCL,Single,WM,Single,UM,Single
556317,Tree,Single,LDCL,Single,WM,Single,UM,Single
556820,Tree,Single,LDCL,Single,WM,Single,UM,Single
557323,Tree,Single,LDCL,Single,WM,Single,UM,Single
557826,Tree,Single,LDCL,Single,WM,Single,UM,Single
558329,Tree,Single,LDCL,Single,WM,Single,UM,Single
560341,Tree,Single,LDCL,Single,WM,Single,UM,Single
560844,Tree,Single,LDCL,Single,WM,Single,UM,Single
561347,Tree,Single,LDCL,Single,WM,Single,UM,Single
562856,Tree,Single,LDCL,Single,WM,Single,UM,Single
563359,Tree,Single,LDCL,Single,WM,Single,UM,Single
563862,Tree,Single,LDCL,Single,WM,Single,UM,Single
564365,Tree,Single,LDCL,Single,WM,Single,UM,Single
564868,Tree,Single,LDCL,Single,WM,Single,UM,Single
565371,Tree,Single,LDCL,Single,WM,Single,UM,Single
565874,Tree,Single,LDCL,Single,WM,Single,UM,Single
566377,Tree,Single,LDCL,Single,WM,Single,UM,Single
566880,Tree,Unmatch,LDCL,Single,WM,Single,UM,Multi_Multi
567383,Tree,Single,LDCL,Single,WM,Single,UM,Single
567886,Tree,Single,LDCL,Single,WM,Single,UM,Single
568389,Tree,Single,LDCL,Single,WM,Single,UM,Single
568892,Tree,Single,LDCL,Single,WM,Single,UM,Single
569395,Tree,Multi_Single,LDCL,Multi_Single,WM,Multi_Single,UM,Multi_Single
570401,Tree,Single,LDCL,Single,WM,Single,UM,Single
570904,Tree,Single,LDCL,Single,WM,Single,UM,Single
571407,Tree,Single,LDCL,Single,WM,Single,UM,Single
572413,Tree,Single,LDCL,Single,WM,Single,UM,Single
572916,Tree,Single,LDCL,Single,WM,Single,UM,Single
573419,Tree,Single,LDCL,Single,WM,Single,UM,Single
574928,Tree,Single,LDCL,Single,WM,Single,UM,Single
576437,Tree,Single,LDCL,Single,WM,Single,UM,Single
576940,Tree,Single,LDCL,Single,WM,Single,UM,Single
577443,Tree,Single,LDCL,Single,WM,Single,UM,Single
577946,Tree,Single,LDCL,Single,WM,Single,UM,Single
578449,Tree,Single,LDCL,Single,WM,Single,UM,Single
580964,Tree,Q_Match_Single,LDCL,Q_Match_Single,WM,Q_Match_Single,UM,Q_Match_Single
582473,Tree,Single,LDCL,Single,WM,Single,UM,Single
582976,Tree,Single,LDCL,Single,WM,Single,UM,Single
583479,Tree,Single,LDCL,Single,WM,Single,UM,Single
584485,Tree,Single,LDCL,Single,WM,Single,UM,Single
584988,Tree,Single,LDCL,Single,WM,Single,UM,Single
585994,Tree,Unmatch,LDCL,Unmatch,WM,Unmatch,UM,Unmatch
587000,Tree,Single,LDCL,Single,WM,Single,UM,Single
587503,Tree,Single,LDCL,Single,WM,Single,UM,Single
588006,Tree,Single,LDCL,Single,WM,Single,UM,Single
588509,Tree,Single,LDCL,Single,WM,Single,UM,Single
589012,Tree,Single,LDCL,Single,WM,Single,UM,Single
590018,Tree,Single,LDCL,Single,WM,Single,UM,Single
591024,Tree,Single,LDCL,Single,WM,Single,UM,Single
591527,Tree,Single,LDCL,Single,WM,Single,UM,Single
592533,Tree,Single,LDCL,Single,WM,Single,UM,Single
593036,Tree,Single,LDCL,Single,WM,Single,UM,Single
593539,Tree,Single,LDCL,Single,WM,Single,UM,Single
594042,Tree,Single,LDCL,Single,WM,Single,UM,Single
594545,Tree,Single,LDCL,Single,WM,Single,UM,Single
595048,Tree,Single,LDCL,Single,WM,Single,UM,Single
595551,Tree,Single,LDCL,Single,WM,Single,UM,Single
596054,Tree,Single,LDCL,Single,WM,Single,UM,Single
596557,Tree,Single,LDCL,Single,WM,Single,UM,Single
597060,Tree,Unmatch,LDCL,Unmatch,WM,Unmatch,UM,Unmatch
597563,Tree,Single,LDCL,Single,WM,Single,UM,Single
598066,Tree,Multi_Single,LDCL,Multi_Single,WM,Multi_Single,UM,Multi_Single
599072,Tree,Single,LDCL,Single,WM,Single,UM,Single
599575,Tree,Single,LDCL,Single,WM,Single,UM,Single
600581,Tree,Single,LDCL,Single,WM,Single,UM,Single
601084,Tree,Single,LDCL,Single,WM,Single,UM,Single
602090,Tree,Single,LDCL,Single,WM,Single,UM,Single
602593,Tree,Single,LDCL,Single,WM,Single,UM,Single
606114,Tree,Single,LDCL,Single,WM,Single,UM,Single
607120,Tree,Single,LDCL,Single,WM,Single,UM,Single
608126,Tree,Single,LDCL,Single,WM,Single,UM,Single
608629,Tree,Single,LDCL,Single,WM,Single,UM,Single
609132,Tree,Single,LDCL,Single,WM,Single,UM,Single
609635,Tree,Single,LDCL,Single,WM,Single,UM,Single
610138,Tree,Single,LDCL,Single,WM,Single,UM,Single
611144,Tree,Single,LDCL,Single,WM,Single,UM,Single
611647,Tree,Single,LDCL,Single,WM,Single,UM,Single
612150,Tree,Single,LDCL,Single,WM,Single,UM,Single
613659,Tree,Single,LDCL,Single,WM,Single,UM,Single
615168,Tree,Single,LDCL,Single,WM,Single,UM,Single
616174,Tree,Single,LDCL,Single,WM,Single,UM,Single
617180,Tree,Single,LDCL,Single,WM,Single,UM,Single
617683,Tree,Single,LDCL,Single,WM,Single,UM,Single
619192,Tree,Single,LDCL,Single,WM,Single,UM,Single
619695,Tree,Single,LDCL,Single,WM,Single,UM,Single
620701,Tree,Single,LDCL,Single,WM,Single,UM,Single
621204,Tree,Single,LDCL,Single,WM,Single,UM,Single
622713,Tree,Single,LDCL,Single,WM,Single,UM,Single
625731,Tree,Single,LDCL,Single,WM,Single,UM,Single
626234,Tree,Single,LDCL,Single,WM,Single,UM,Single
627240,Tree,Single,LDCL,Single,WM,Single,UM,Single
628246,Tree,Single,LDCL,Single,WM,Single,UM,Single
628749,Tree,Single,LDCL,Single,WM,Single,UM,Single
629755,Tree,Single,LDCL,Single,WM,Single,UM,Single
630761,Tree,Single,LDCL,Single,WM,Single,UM,Single
631264,Tree,Single,LDCL,Single,WM,Single,UM,Single
631767,Tree,Unmatch,LDCL,Unmatch,WM,Unmatch,UM,Unmatch
632270,Tree,Single,LDCL,Single,WM,Single,UM,Single
633779,Tree,Single,LDCL,Single,WM,Single,UM,Single
634282,Tree,Single,LDCL,Single,WM,Single,UM,Single
635791,Tree,Single,LDCL,Single,WM,Single,UM,Single
636294,Tree,Single,LDCL,Single,WM,Single,UM,Single
636797,Tree,Single,LDCL,Single,WM,Single,UM,Single
637803,Tree,Unmatch,LDCL,Single,WM,Unmatch,UM,Multi_Multi
638809,Tree,Single,LDCL,Single,WM,Single,UM,Single
639312,Tree,Single,LDCL,Single,WM,Single,UM,Single
641324,Tree,Single,LDCL,Single,WM,Single,UM,Single
641827,Tree,Single,LDCL,Single,WM,Single,UM,Single
643839,Tree,Multi_Multi,LDCL,Multi_Single,WM,Multi_Single,UM,Multi_Multi
644342,Tree,Single,LDCL,Single,WM,Single,UM,Single
644845,Tree,Single,LDCL,Single,WM,Single,UM,Single
645348,Tree,Single,LDCL,Single,WM,Single,UM,Single
646857,Tree,Single,LDCL,Single,WM,Single,UM,Single
647863,Tree,Single,LDCL,Single,WM,Single,UM,Single
649372,Tree,Single,LDCL,Single,WM,Single,UM,Single
649875,Tree,Single,LDCL,Single,WM,Single,UM,Single
650378,Tree,Single,LDCL,Single,WM,Single,UM,Single
651384,Tree,Single,LDCL,Single,WM,Single,UM,Single
651887,Tree,Single,LDCL,Single,WM,Single,UM,Single
652390,Tree,Single,LDCL,Single,WM,Single,UM,Single
652893,Tree,Single,LDCL,Single,WM,Single,UM,Single
653396,Tree,Single,LDCL,Single,WM,Single,UM,Single
654402,Tree,Single,LDCL,Single,WM,Single,UM,Single
654905,Tree,Single,LDCL,Single,WM,Single,UM,Single
655911,Tree,Single,LDCL,Single,WM,Single,UM,Single
656917,Tree,Single,LDCL,Single,WM,Single,UM,Single
658426,Tree,Single,LDCL,Single,WM,Single,UM,Single
659432,Tree,Single,LDCL,Single,WM,Single,UM,Single
659935,Tree,Single,LDCL,Single,WM,Single,UM,Single
660941,Tree,Single,LDCL,Single,WM,Single,UM,Single
662953,Tree,Single,LDCL,Single,WM,Single,UM,Single
664462,Tree,Multi_Single,LDCL,Multi_Single,WM,Multi_Single,UM,Multi_Single
665468,Tree,Single,LDCL,Single,WM,Single,UM,Single
666977,Tree,Single,LDCL,Single,WM,Single,UM,Single
667480,Tree,Single,LDCL,Single,WM,Single,UM,Single
668486,Tree,Single,LDCL,Single,WM,Single,UM,Single
668989,Tree,Single,LDCL,Single,WM,Single,UM,Single
669995,Tree,Single,LDCL,Single,WM,Single,UM,Single
670498,Tree,Single,LDCL,Multi_Single,WM,Multi_Single,UM,Multi_Single
671504,Tree,Single,LDCL,Single,WM,Single,UM,Single
672007,Tree,Single,LDCL,Single,WM,Single,UM,Single
672510,Tree,Single,LDCL,Single,WM,Single,UM,Single
673013,Tree,Single,LDCL,Single,WM,Single,UM,Single
673516,Tree,Single,LDCL,Single,WM,Single,UM,Single
674019,Tree,Single,LDCL,Single,WM,Single,UM,Single
675025,Tree,Single,LDCL,Unmatch,WM,Unmatch,UM,Multi_Multi
675528,Tree,Single,LDCL,Single,WM,Single,UM,Single
676031,Tree,Single,LDCL,Single,WM,Single,UM,Single
676534,Tree,Single,LDCL,Single,WM,Single,UM,Single
677037,Tree,Multi_Single,LDCL,Multi_Single,WM,Multi_Single,UM,Multi_Single
677540,Tree,Single,LDCL,Single,WM,Single,UM,Single
678043,Tree,Single,LDCL,Single,WM,Single,UM,Single
679049,Tree,Single,LDCL,Single,WM,Single,UM,Single
679552,Tree,Single,LDCL,Single,WM,Single,UM,Single
680558,Tree,Single,LDCL,Single,WM,Single,UM,Single
681061,Tree,Single,LDCL,Single,WM,Single,UM,Single
682570,Tree,Multi_Single,LDCL,Multi_Single,WM,Multi_Single,UM,Multi_Single
683073,Tree,Single,LDCL,Single,WM,Single,UM,Single
683576,Tree,Single,LDCL,Single,WM,Single,UM,Single
684079,Tree,Single,LDCL,Single,WM,Single,UM,Single
685085,Tree,Single,LDCL,Single,WM,Single,UM,Single
685588,Tree,Single,LDCL,Single,WM,Single,UM,Single
686091,Tree,Unmatch,LDCL,Single,WM,Single,UM,Single
687097,Tree,Single,LDCL,Single,WM,Single,UM,Single
688606,Tree,Single,LDCL,Single,WM,Single,UM,Single
689109,Tree,Single,LDCL,Single,WM,Single,UM,Single
690115,Tree,Single,LDCL,Single,WM,Single,UM,Single
691121,Tree,Single,LDCL,Single,WM,Single,UM,Single
691624,Tree,Single,LDCL,Single,WM,Single,UM,Single
692127,Tree,Single,LDCL,Single,WM,Single,UM,Single
692630,Tree,Single,LDCL,Single,WM,Single,UM,Single
693133,Tree,Single,LDCL,Single,WM,Single,UM,Single
693636,Tree,Single,LDCL,Single,WM,Single,UM,Multi_Multi
694642,Tree,Single,LDCL,Single,WM,Single,UM,Single
695145,Tree,Single,LDCL,Single,WM,Single,UM,Single
695648,Tree,Single,LDCL,Single,WM,Single,UM,Single
696151,Tree,Single,LDCL,Single,WM,Single,UM,Single
696654,Tree,Single,LDCL,Single,WM,Single,UM,Single
697157,Tree,Single,LDCL,Single,WM,Single,UM,Single
697660,Tree,Single,LDCL,Single,WM,Single,UM,Single
698163,Tree,Single,LDCL,Single,WM,Single,UM,Single
699169,Tree,Single,LDCL,Single,WM,Single,UM,Single
699672,Tree,Single,LDCL,Single,WM,Single,UM,Single
700678,Tree,Single,LDCL,Single,WM,Single,UM,Single
701181,Tree,Single,LDCL,Single,WM,Single,UM,Single
701684,Tree,Unmatch,LDCL,Unmatch,WM,Unmatch,UM,Unmatch
702187,Tree,Single,LDCL,Single,WM,Single,UM,Single
702690,Tree,Single,LDCL,Single,WM,Single,UM,Single
703696,Tree,Single,LDCL,Single,WM,Single,UM,Single
704702,Tree,Single,LDCL,Single,WM,Single,UM,Single
706211,Tree,Single,LDCL,Single,WM,Single,UM,Single
706714,Tree,Single,LDCL,Single,WM,Single,UM,Single
707217,Tree,Single,LDCL,Single,WM,Single,UM,Single
707720,Tree,Single,LDCL,Single,WM,Single,UM,Single
708223,Tree,Single,LDCL,Single,WM,Single,UM,Single
708726,Tree,Single,LDCL,Single,WM,Single,UM,Single
709229,Tree,Unmatch,LDCL,Single,WM,Unmatch,UM,Unmatch
709732,Tree,Single,LDCL,Single,WM,Single,UM,Multi_Multi
710235,Tree,Multi_Single,LDCL,Multi_Single,WM,Multi_Single,UM,Multi_Single
710738,Tree,Single,LDCL,Single,WM,Single,UM,Single
711241,Tree,Single,LDCL,Single,WM,Single,UM,Single
711744,Tree,Single,LDCL,Single,WM,Single,UM,Single
712247,Tree,Single,LDCL,Single,WM,Single,UM,Single
712750,Tree,Unmatch,LDCL,Unmatch,WM,Unmatch,UM,Unmatch
713253,Tree,Single,LDCL,Single,WM,Single,UM,Single
713756,Tree,Single,LDCL,Single,WM,Single,UM,Single
715265,Tree,Single,LDCL,Single,WM,Single,UM,Single
716271,Tree,Q_Match_Single,LDCL,Q_Match_Single,WM,Q_Match_Single,UM,Q_Match_Single
716774,Tree,Single,LDCL,Single,WM,Single,UM,Single
717277,Tree,Single,LDCL,Single,WM,Single,UM,Single
717780,Tree,Single,LDCL,Single,WM,Single,UM,Single
719792,Tree,Single,LDCL,Single,WM,Single,UM,Single
720295,Tree,Single,LDCL,Single,WM,Single,UM,Single
720798,Tree,Single,LDCL,Single,WM,Single,UM,Single
721301,Tree,Single,LDCL,Single,WM,Single,UM,Single
721804,Tree,Single,LDCL,Single,WM,Single,UM,Single
722307,Tree,Single,LDCL,Single,WM,Single,UM,Single
722810,Tree,Single,LDCL,Single,WM,Single,UM,Single
723313,Tree,Single,LDCL,Single,WM,Single,UM,Single
723816,Tree,Single,LDCL,Single,WM,Single,UM,Single
724319,Tree,Single,LDCL,Single,WM,Single,UM,Single
724822,Tree,Single,LDCL,Single,WM,Single,UM,Single
725325,Tree,Single,LDCL,Single,WM,Single,UM,Single
725828,Tree,Single,LDCL,Single,WM,Single,UM,Single
726331,Tree,Single,LDCL,Single,WM,Single,UM,Single
726834,Tree,Single,LDCL,Single,WM,Single,UM,Single
727337,Tree,Single,LDCL,Single,WM,Single,UM,Single
727840,Tree,Single,LDCL,Single,WM,Single,UM,Single
728846,Tree,Single,LDCL,Single,WM,Single,UM,Single
729349,Tree,Unmatch,LDCL,Unmatch,WM,Unmatch,UM,Unmatch
729852,Tree,Single,LDCL,Single,WM,Single,UM,Single
730355,Tree,Single,LDCL,Single,WM,Single,UM,Single
730858,Tree,Single,LDCL,Single,WM,Single,UM,Single
731361,Tree,Single,LDCL,Single,WM,Single,UM,Multi_Multi
732367,Tree,Single,LDCL,Single,WM,Single,UM,Single
732870,Tree,Single,LDCL,Single,WM,Single,UM,Single
733876,Tree,Single,LDCL,Single,WM,Single,UM,Single
734379,Tree,Single,LDCL,Single,WM,Single,UM,Single
734882,Tree,Single,LDCL,Single,WM,Single,UM,Single
735385,Tree,Single,LDCL,Single,WM,Single,UM,Single
735888,Tree,Multi_Single,LDCL,Multi_Single,WM,Multi_Single,UM,Multi_Single
736391,Tree,Single,LDCL,Single,WM,Single,UM,Single
737397,Tree,Single,LDCL,Single,WM,Single,UM,Single
737900,Tree,Single,LDCL,Single,WM,Single,UM,Single
738403,Tree,Single,LDCL,Single,WM,Single,UM,Single
738906,Tree,Multi_Multi,LDCL,Single,WM,Single,UM,Single
739409,Tree,Single,LDCL,Single,WM,Single,UM,Single
741924,Tree,Single,LDCL,Single,WM,Single,UM,Single
742930,Tree,Single,LDCL,Single,WM,Single,UM,Single
744942,Tree,Single,LDCL,Single,WM,Single,UM,Single
745445,Tree,Single,LDCL,Single,WM,Single,UM,Single
746451,Tree,Single,LDCL,Single,WM,Single,UM,Single
746954,Tree,Single,LDCL,Single,WM,Single,UM,Single
747457,Tree,Single,LDCL,Single,WM,Single,UM,Single
748966,Tree,Single,LDCL,Single,WM,Single,UM,Single
749469,Tree,Single,LDCL,Single,WM,Single,UM,Single
750978,Tree,Single,LDCL,Single,WM,Single,UM,Single
751984,Tree,Single,LDCL,Single,WM,Single,UM,Single
752487,Tree,Single,LDCL,Single,WM,Single,UM,Single
752990,Tree,Q_Match_Single,LDCL,Q_Match_Single,WM,Q_Match_Single,UM,Q_Match_Single
753996,Tree,Single,LDCL,Single,WM,Single,UM,Single
754499,Tree,Single,LDCL,Single,WM,Single,UM,Single
755002,Tree,Single,LDCL,Single,WM,Single,UM,Single
755505,Tree,Multi_Single,LDCL,Multi_Single,WM,Multi_Single,UM,Multi_Single
756008,Tree,Single,LDCL,Single,WM,Single,UM,Single
756511,Tree,Single,LDCL,Single,WM,Single,UM,Single
757517,Tree,Single,LDCL,Single,WM,Single,UM,Single
760032,Tree,Single,LDCL,Single,WM,Single,UM,Single
760535,Tree,Single,LDCL,Single,WM,Single,UM,Single
761541,Tree,Single,LDCL,Single,WM,Single,UM,Single
763050,Tree,Single,LDCL,Single,WM,Single,UM,Single
763553,Tree,Single,LDCL,Single,WM,Single,UM,Single
764056,Tree,Single,LDCL,Single,WM,Single,UM,Single
764559,Tree,Single,LDCL,Single,WM,Single,UM,Single
765062,Tree,Single,LDCL,Single,WM,Single,UM,Multi_Multi
766571,Tree,Single,LDCL,Single,WM,Single,UM,Single
768080,Tree,Single,LDCL,Single,WM,Single,UM,Single
769589,Tree,Single,LDCL,Single,WM,Single,UM,Single
770092,Tree,Unmatch,LDCL,Single,WM,Single,UM,Multi_Multi
770595,Tree,Single,LDCL,Single,WM,Single,UM,Single
771098,Tree,Single,LDCL,Single,WM,Single,UM,Single
772607,Tree,Single,LDCL,Single,WM,Single,UM,Single
773110,Tree,Single,LDCL,Single,WM,Single,UM,Single
773613,Tree,Single,LDCL,Single,WM,Single,UM,Single
774116,Tree,Single,LDCL,Single,WM,Single,UM,Single
774619,Tree,Single,LDCL,Single,WM,Single,UM,Single
775122,Tree,Single,LDCL,Single,WM,Single,UM,Single
776128,Tree,Single,LDCL,Single,WM,Single,UM,Single
776631,Tree,Single,LDCL,Single,WM,Single,UM,Single
777637,Tree,Single,LDCL,Single,WM,Single,UM,Single
778643,Tree,Single,LDCL,Single,WM,Single,UM,Single
779146,Tree,Single,LDCL,Single,WM,Single,UM,Single
779649,Tree,Single,LDCL,Single,WM,Single,UM,Single
780152,Tree,Single,LDCL,Single,WM,Single,UM,Single
780655,Tree,Single,LDCL,Single,WM,Single,UM,Single
781158,Tree,Single,LDCL,Single,WM,Single,UM,Single
782164,Tree,Single,LDCL,Single,WM,Single,UM,Single
782667,Tree,Q_Match_Single,LDCL,Q_Match_Single,WM,Q_Match_Single,UM,Q_Match_Single
783170,Tree,Single,LDCL,Single,WM,Single,UM,Single
783673,Tree,Single,LDCL,Single,WM,Single,UM,Single
784176,Tree,Single,LDCL,Single,WM,Single,UM,Single
784679,Tree,Single,LDCL,Single,WM,Single,UM,Single
785182,Tree,Single,LDCL,Single,WM,Single,UM,Single
786188,Tree,Single,LDCL,Single,WM,Single,UM,Single
786691,Tree,Single,LDCL,Single,WM,Single,UM,Single
787194,Tree,Single,LDCL,Single,WM,Single,UM,Single
787697,Tree,Single,LDCL,Single,WM,Single,UM,Single
789206,Tree,Single,LDCL,Single,WM,Single,UM,Single
789709,Tree,Single,LDCL,Single,WM,Single,UM,Single
790212,Tree,Single,LDCL,Single,WM,Single,UM,Multi_Multi
791721,Tree,Multi_Single,LDCL,Multi_Single,WM,Multi_Single,UM,Multi_Single
792224,Tree,Single,LDCL,Single,WM,Single,UM,Single
792727,Tree,Multi_Single,LDCL,Multi_Single,WM,Multi_Single,UM,Multi_Single
793230,Tree,Single,LDCL,Single,WM,Single,UM,Single
793733,Tree,Single,LDCL,Single,WM,Single,UM,Single
794236,Tree,Single,LDCL,Single,WM,Single,UM,Single
794739,Tree,Single,LDCL,Single,WM,Single,UM,Single
797757,Tree,Single,LDCL,Single,WM,Single,UM,Single
798260,Tree,Single,LDCL,Single,WM,Single,UM,Single
798763,Tree,Single,LDCL,Single,WM,Single,UM,Single
799266,Tree,Single,LDCL,Single,WM,Single,UM,Single
799769,Tree,Single,LDCL,Single,WM,Single,UM,Single
800775,Tree,Single,LDCL,Single,WM,Single,UM,Single
801278,Tree,Single,LDCL,Single,WM,Single,UM,Single
802284,Tree,Single,LDCL,Single,WM,Single,UM,Single
802787,Tree,Single,LDCL,Single,WM,Single,UM,Single
803793,Tree,Single,LDCL,Single,WM,Single,UM,Single
806308,Tree,Single,LDCL,Single,WM,Single,UM,Single
807314,Tree,Single,LDCL,Single,WM,Single,UM,Single
808320,Tree,Single,LDCL,Single,WM,Single,UM,Single
808823,Tree,Single,LDCL,Single,WM,Single,UM,Single
810835,Tree,Single,LDCL,Single,WM,Single,UM,Single
811338,Tree,Single,LDCL,Single,WM,Single,UM,Single
811841,Tree,Single,LDCL,Single,WM,Single,UM,Single
813853,Tree,Single,LDCL,Single,WM,Single,UM,Single
814356,Tree,Single,LDCL,Single,WM,Single,UM,Single
814859,Tree,Unmatch,LDCL,Unmatch,WM,Unmatch,UM,Unmatch
815865,Tree,Single,LDCL,Single,WM,Single,UM,Single
817374,Tree,Single,LDCL,Single,WM,Single,UM,Single
818883,Tree,Single,LDCL,Single,WM,Single,UM,Single
819889,Tree,Unmatch,LDCL,Single,WM,Unmatch,UM,Unmatch
820895,Tree,Single,LDCL,Single,WM,Single,UM,Single
821901,Tree,Single,LDCL,Single,WM,Single,UM,Single
822404,Tree,Single,LDCL,Single,WM,Single,UM,Single
823410,Tree,Single,LDCL,Single,WM,Single,UM,Single
823913,Tree,Multi_Single,LDCL,Multi_Single,WM,Multi_Single,UM,Multi_Single
825422,Tree,Single,LDCL,Single,WM,Single,UM,Single
826428,Tree,Single,LDCL,Single,WM,Single,UM,Single
828440,Tree,Single,LDCL,Single,WM,Single,UM,Single
829446,Tree,Single,LDCL,Single,WM,Single,UM,Single
830955,Tree,Single,LDCL,Single,WM,Single,UM,Single
831458,Tree,Single,LDCL,Single,WM,Single,UM,Single
831961,Tree,Single,LDCL,Single,WM,Single,UM,Single
832464,Tree,Single,LDCL,Single,WM,Single,UM,Single
832967,Tree,Single,LDCL,Single,WM,Single,UM,Single
833470,Tree,Single,LDCL,Single,WM,Single,UM,Single
834476,Tree,Single,LDCL,Single,WM,Single,UM,Single
834979,Tree,Single,LDCL,Single,WM,Single,UM,Single
835482,Tree,Single,LDCL,Single,WM,Single,UM,Single
835985,Tree,Single,LDCL,Single,WM,Single,UM,Single
836488,Tree,Single,LDCL,Single,WM,Single,UM,Single
836991,Tree,Single,LDCL,Single,WM,Single,UM,Single
837494,Tree,Single,LDCL,Single,WM,Single,UM,Single
839003,Tree,Single,LDCL,Single,WM,Single,UM,Single
840009,Tree,Single,LDCL,Single,WM,Single,UM,Single
842524,Tree,Single,LDCL,Single,WM,Single,UM,Single
843027,Tree,Single,LDCL,Single,WM,Single,UM,Single
843530,Tree,Single,LDCL,Single,WM,Single,UM,Single
844033,Tree,Single,LDCL,Single,WM,Single,UM,Single
844536,Tree,Multi_Single,LDCL,Multi_Single,WM,Multi_Single,UM,Multi_Single
845039,Tree,Single,LDCL,Single,WM,Single,UM,Single
845542,Tree,Single,LDCL,Single,WM,Single,UM,Single
846548,Tree,Single,LDCL,Single,WM,Single,UM,Single
847051,Tree,Single,LDCL,Single,WM,Single,UM,Single
847554,Tree,Single,LDCL,Single,WM,Single,UM,Single
848560,Tree,Single,LDCL,Single,WM,Single,UM,Single
849566,Tree,Single,LDCL,Single,WM,Single,UM,Single
850069,Tree,Single,LDCL,Single,WM,Single,UM,Single
850572,Tree,Multi_Single,LDCL,Multi_Single,WM,Multi_Single,UM,Multi_Single
851075,Tree,Single,LDCL,Single,WM,Single,UM,Single
851578,Tree,Single,LDCL,Single,WM,Single,UM,Single
852584,Tree,Multi_Single,LDCL,Multi_Single,WM,Multi_Single,UM,Multi_Single
853087,Tree,Single,LDCL,Single,WM,Single,UM,Single
853590,Tree,Single,LDCL,Single,WM,Single,UM,Single
854093,Tree,Single,LDCL,Single,WM,Single,UM,Single
856105,Tree,Single,LDCL,Single,WM,Single,UM,Single
856608,Tree,Single,LDCL,Single,WM,Single,UM,Single
857111,Tree,Multi_Single,LDCL,Multi_Single,WM,Multi_Single,UM,Multi_Single
857614,Tree,Multi_Single,LDCL,Multi_Single,WM,Multi_Single,UM,Multi_Single
859123,Tree,Multi_Single,LDCL,Multi_Single,WM,Multi_Single,UM,Multi_Single
859626,Tree,Unmatch,LDCL,Unmatch,WM,Unmatch,UM,Multi_Multi
860632,Tree,Single,LDCL,Single,WM,Single,UM,Single
861638,Tree,Single,LDCL,Single,WM,Single,UM,Single
862644,Tree,Single,LDCL,Single,WM,Single,UM,Single
863147,Tree,Multi_Single,LDCL,Multi_Single,WM,Multi_Single,UM,Multi_Single
863650,Tree,Single,LDCL,Single,WM,Single,UM,Single
864153,Tree,Single,LDCL,Single,WM,Single,UM,Single
865159,Tree,Single,LDCL,Single,WM,Single,UM,Single
867674,Tree,Single,LDCL,Single,WM,Single,UM,Single
868177,Tree,Single,LDCL,Single,WM,Single,UM,Single
869686,Tree,Single,LDCL,Single,WM,Single,UM,Single
870692,Tree,Single,LDCL,Single,WM,Single,UM,Single
872201,Tree,Single,LDCL,Single,WM,Single,UM,Single
872704,Tree,Single,LDCL,Single,WM,Single,UM,Single
873710,Tree,Single,LDCL,Single,WM,Single,UM,Single
875219,Tree,Single,LDCL,Single,WM,Single,UM,Single
875722,Tree,Unmatch,LDCL,Unmatch,WM,Unmatch,UM,Unmatch
876225,Tree,Single,LDCL,Single,WM,Single,UM,Single
876728,Tree,Single,LDCL,Single,WM,Single,UM,Single
877231,Tree,Single,LDCL,Single,WM,Single,UM,Single
878237,Tree,Single,LDCL,Single,WM,Single,UM,Single
878740,Tree,Single,LDCL,Single,WM,Single,UM,Single
881255,Tree,Single,LDCL,Single,WM,Single,UM,Single
882764,Tree,Single,LDCL,Single,WM,Single,UM,Single
883267,Tree,Single,LDCL,Single,WM,Single,UM,Single
883770,Tree,Single,LDCL,Single,WM,Single,UM,Single
884776,Tree,Single,LDCL,Single,WM,Single,UM,Single
885279,Tree,Unmatch,LDCL,Multi_Single,WM,Multi_Single,UM,Multi_Single
885782,Tree,Single,LDCL,Single,WM,Single,UM,Single
886285,Tree,Single,LDCL,Single,WM,Single,UM,Single
887794,Tree,Single,LDCL,Single,WM,Single,UM,Single
889303,Tree,Single,LDCL,Single,WM,Single,UM,Single
890812,Tree,Single,LDCL,Single,WM,Single,UM,Single
891315,Tree,Single,LDCL,Single,WM,Single,UM,Single
893327,Tree,Single,LDCL,Single,WM,Single,UM,Single
894333,Tree,Single,LDCL,Single,WM,Single,UM,Single
894836,Tree,Single,LDCL,Single,WM,Single,UM,Single
895842,Tree,Single,LDCL,Single,WM,Single,UM,Single
896345,Tree,Single,LDCL,Single,WM,Single,UM,Single
896848,Tree,Single,LDCL,Single,WM,Single,UM,Single
897351,Tree,Single,LDCL,Single,WM,Single,UM,Single
898860,Tree,Single,LDCL,Single,WM,Single,UM,Single
899363,Tree,Single,LDCL,Single,WM,Single,UM,Single
899866,Tree,Single,LDCL,Single,WM,Single,UM,Single
900872,Tree,Single,LDCL,Single,WM,Single,UM,Single
901375,Tree,Single,LDCL,Single,WM,Single,UM,Single
901878,Tree,Single,LDCL,Single,WM,Single,UM,Single
902381,Tree,Single,LDCL,Single,WM,Single,UM,Single
902884,Tree,Single,LDCL,Single,WM,Single,UM,Single
903890,Tree,Single,LDCL,Single,WM,Single,UM,Single
904896,Tree,Unmatch,LDCL,Unmatch,WM,Unmatch,UM,Unmatch
905399,Tree,Single,LDCL,Single,WM,Single,UM,Single
906908,Tree,Single,LDCL,Single,WM,Single,UM,Single
907914,Tree,Single,LDCL,Single,WM,Single,UM,Single
908417,Tree,Single,LDCL,Single,WM,Single,UM,Single
909423,Tree,Single,LDCL,Single,WM,Single,UM,Single
910429,Tree,Single,LDCL,Single,WM,Single,UM,Single
910932,Tree,Single,LDCL,Single,WM,Single,UM,Single
911938,Tree,Unmatch,LDCL,Unmatch,WM,Unmatch,UM,Unmatch
913447,Tree,Single,LDCL,Single,WM,Single,UM,Single
913950,Tree,Single,LDCL,Single,WM,Single,UM,Single
914453,Tree,Single,LDCL,Single,WM,Single,UM,Single
914956,Tree,Single,LDCL,Single,WM,Single,UM,Single
915459,Tree,Single,LDCL,Single,WM,Single,UM,Single
915962,Tree,Single,LDCL,Single,WM,Single,UM,Single
916465,Tree,Single,LDCL,Single,WM,Single,UM,Single
916968,Tree,Unmatch,LDCL,Unmatch,WM,Unmatch,UM,Unmatch
917471,Tree,Single,LDCL,Single,WM,Single,UM,Single
917974,Tree,Single,LDCL,Single,WM,Single,UM,Single
918477,Tree,Single,LDCL,Single,WM,Single,UM,Single
918980,Tree,Single,LDCL,Multi_Single,WM,Multi_Single,UM,Multi_Single
920489,Tree,Single,LDCL,Single,WM,Single,UM,Single
921495,Tree,Single,LDCL,Single,WM,Single,UM,Single
921998,Tree,Single,LDCL,Single,WM,Single,UM,Single
923004,Tree,Single,LDCL,Single,WM,Single,UM,Single
923507,Tree,Single,LDCL,Single,WM,Single,UM,Single
924010,Tree,Unmatch,LDCL,Single,WM,Single,UM,Single
924513,Tree,Single,LDCL,Single,WM,Single,UM,Single
925519,Tree,Single,LDCL,Single,WM,Single,UM,Single
926022,Tree,Single,LDCL,Single,WM,Single,UM,Single
926525,Tree,Single,LDCL,Single,WM,Single,UM,Single
927028,Tree,Single,LDCL,Single,WM,Single,UM,Single
928537,Tree,Single,LDCL,Single,WM,Single,UM,Single
929040,Tree,Single,LDCL,Single,WM,Single,UM,Single
929543,Tree,Single,LDCL,Single,WM,Single,UM,Single
930046,Tree,Single,LDCL,Single,WM,Single,UM,Single
930549,Tree,Single,LDCL,Single,WM,Single,UM,Single
931052,Tree,Single,LDCL,Single,WM,Single,UM,Single
931555,Tree,Single,LDCL,Single,WM,Single,UM,Single
932058,Tree,Single,LDCL,Single,WM,Single,UM,Single
932561,Tree,Single,LDCL,Single,WM,Single,UM,Single
933064,Tree,Single,LDCL,Single,WM,Single,UM,Single
933567,Tree,Multi_Single,LDCL,Multi_Single,WM,Multi_Single,UM,Multi_Single
934070,Tree,Single,LDCL,Single,WM,Single,UM,Single
934573,Tree,Single,LDCL,Single,WM,Single,UM,Single
935076,Tree,Single,LDCL,Single,WM,Single,UM,Single
935579,Tree,Single,LDCL,Single,WM,Single,UM,Single
936082,Tree,Single,LDCL,Single,WM,Single,UM,Single
936585,Tree,Single,LDCL,Single,WM,Single,UM,Single
937088,Tree,Single,LDCL,Single,WM,Single,UM,Single
937591,Tree,Single,LDCL,Single,WM,Single,UM,Single
938597,Tree,Single,LDCL,Single,WM,Single,UM,Single
939100,Tree,Multi_Single,LDCL,Multi_Single,WM,Multi_Single,UM,Multi_Single
939603,Tree,Single,LDCL,Single,WM,Single,UM,Single
940106,Tree,Single,LDCL,Single,WM,Single,UM,Single
942118,Tree,Single,LDCL,Single,WM,Single,UM,Single
942621,Tree,Unmatch,LDCL,Unmatch,WM,Unmatch,UM,Unmatch
943124,Tree,Single,LDCL,Single,WM,Single,UM,Single
943627,Tree,Single,LDCL,Single,WM,Single,UM,Single
944130,Tree,Single,LDCL,Single,WM,Single,UM,Single
944633,Tree,Unmatch,LDCL,Unmatch,WM,Unmatch,UM,Unmatch
946142,Tree,Single,LDCL,Single,WM,Single,UM,Single
946645,Tree,Single,LDCL,Single,WM,Single,UM,Single
947148,Tree,Single,LDCL,Single,WM,Single,UM,Single
947651,Tree,Single,LDCL,Single,WM,Single,UM,Single
948154,Tree,Single,LDCL,Single,WM,Single,UM,Single
948657,Tree,Single,LDCL,Single,WM,Single,UM,Single
949160,Tree,Single,LDCL,Single,WM,Single,UM,Single
949663,Tree,Single,LDCL,Single,WM,Single,UM,Single
952681,Tree,Single,LDCL,Single,WM,Single,UM,Single
953184,Tree,Single,LDCL,Single,WM,Single,UM,Single
953687,Tree,Single,LDCL,Single,WM,Single,UM,Single
954190,Tree,Single,LDCL,Single,WM,Single,UM,Single
954693,Tree,Single,LDCL,Single,WM,Single,UM,Single
955196,Tree,Single,LDCL,Single,WM,Single,UM,Single
955699,Tree,Single,LDCL,Single,WM,Single,UM,Single
956202,Tree,Single,LDCL,Single,WM,Single,UM,Single
956705,Tree,Single,LDCL,Single,WM,Single,UM,Single
958214,Tree,Multi_Single,LDCL,Multi_Single,WM,Multi_Single,UM,Multi_Single
959220,Tree,Single,LDCL,Single,WM,Single,UM,Single
959723,Tree,Single,LDCL,Single,WM,Single,UM,Single
960226,Tree,Single,LDCL,Single,WM,Single,UM,Single
960729,Tree,Single,LDCL,Single,WM,Single,UM,Single
961232,Tree,Single,LDCL,Single,WM,Single,UM,Single
962238,Tree,Single,LDCL,Single,WM,Single,UM,Single
962741,Tree,Single,LDCL,Single,WM,Single,UM,Single
963244,Tree,Single,LDCL,Single,WM,Single,UM,Single
965256,Tree,Single,LDCL,Single,WM,Single,UM,Single
966765,Tree,Single,LDCL,Single,WM,Single,UM,Single
968274,Tree,Single,LDCL,Single,WM,Single,UM,Single
968777,Tree,Single,LDCL,Single,WM,Single,UM,Single
969783,Tree,Single,LDCL,Single,WM,Single,UM,Single
970789,Tree,Single,LDCL,Single,WM,Single,UM,Single
971292,Tree,Single,LDCL,Single,WM,Single,UM,Single
971795,Tree,Single,LDCL,Single,WM,Single,UM,Single
972298,Tree,Single,LDCL,Single,WM,Single,UM,Single
973304,Tree,Single,LDCL,Single,WM,Single,UM,Single
973807,Tree,Single,LDCL,Single,WM,Single,UM,Single
974310,Tree,Single,LDCL,Single,WM,Single,UM,Single
974813,Tree,Single,LDCL,Single,WM,Single,UM,Single
976322,Tree,Single,LDCL,Single,WM,Single,UM,Single
976825,Tree,Single,LDCL,Single,WM,Single,UM,Single
977831,Tree,Single,LDCL,Single,WM,Single,UM,Single
978837,Tree,Single,LDCL,Single,WM,Single,UM,Single
979340,Tree,Single,LDCL,Single,WM,Single,UM,Single
979843,Tree,Single,LDCL,Single,WM,Single,UM,Single
980346,Tree,Single,LDCL,Single,WM,Single,UM,Multi_Multi
980849,Tree,Single,LDCL,Single,WM,Single,UM,Single
981855,Tree,Single,LDCL,Single,WM,Single,UM,Single
982861,Tree,Single,LDCL,Single,WM,Single,UM,Single
983364,Tree,Single,LDCL,Single,WM,Single,UM,Single
983867,Tree,Single,LDCL,Single,WM,Single,UM,Single
984873,Tree,Single,LDCL,Single,WM,Single,UM,Single
985376,Tree,Single,LDCL,Single,WM,Single,UM,Single
985879,Tree,Single,LDCL,Single,WM,Single,UM,Single
986382,Tree,Single,LDCL,Single,WM,Single,UM,Single
986885,Tree,Single,LDCL,Single,WM,Single,UM,Single
987891,Tree,Single,LDCL,Single,WM,Single,UM,Single
988394,Tree,Single,LDCL,Single,WM,Single,UM,Single
988897,Tree,Single,LDCL,Single,WM,Single,UM,Single
989400,Tree,Single,LDCL,Single,WM,Single,UM,Single
989903,Tree,Single,LDCL,Single,WM,Single,UM,Single
990406,Tree,Single,LDCL,Single,WM,Single,UM,Single
992418,Tree,Unmatch,LDCL,Unmatch,WM,Unmatch,UM,Unmatch
992921,Tree,Single,LDCL,Single,WM,Single,UM,Single
993424,Tree,Single,LDCL,Single,WM,Single,UM,Single
994430,Tree,Single,LDCL,Single,WM,Single,UM,Single
995436,Tree,Single,LDCL,Single,WM,Single,UM,Single
995939,Tree,Single,LDCL,Single,WM,Single,UM,Single
996442,Tree,Single,LDCL,Single,WM,Single,UM,Single
996945,Tree,Single,LDCL,Single,WM,Single,UM,Single
997448,Tree,Unmatch,LDCL,Unmatch,WM,Unmatch,UM,Unmatch
998454,Tree,Single,LDCL,Single,WM,Single,UM,Single
998957,Tree,Single,LDCL,Single,WM,Single,UM,Single
999460,Tree,Single,LDCL,Single,WM,Single,UM,Single
1000466,Tree,Multi_Single,LDCL,Multi_Single,WM,Multi_Single,UM,Multi_Single
1000969,Tree,Single,LDCL,Single,WM,Single,UM,Single
1001472,Tree,Single,LDCL,Single,WM,Single,UM,Single
1002981,Tree,Multi_Single,LDCL,Multi_Single,WM,Multi_Single,UM,Multi_Single
1005496,Tree,Single,LDCL,Single,WM,Single,UM,Single
