Seq	PossibleHits	LessPossHits	WM	LD	LDCL	RandomPick	MLTree	Bootstrap	Nextstrain
OM925185.1	1	2	Unmatch	Unmatch	Unmatch	Unmatch	Match	56	Unmatch	
EPI_ISL_8623806	5	1	Match	Match	Match	Match	Match	59	Match	
EPI_ISL_10877031	1	1	Unmatch	Unmatch	Unmatch	Unmatch	Match	59	Match	
EPI_ISL_11138181	3	1	Match	Match	Match	Unmatch	Match	59	Match	
OM935143.1	3	1	Match	Match	Match	Match	Match	61	Match	
EPI_ISL_8562169	1	1	Unmatch	Unmatch	Unmatch	Match	Match	62	Match	
EPI_ISL_10559034	1	1	Match	Match	Match	Match	Match	62	Match	
EPI_ISL_11144298	2	1	Unmatch	Match	Match	Match	Match	62	Unmatch	
OM890479.1	1	1	Match	Match	Match	Unmatch	Match	62	Unmatch	
OM445982.1	1	1	Match	Match	Match	Unmatch	Match	63	Unmatch	
EPI_ISL_11016833	3	1	Unmatch	Unmatch	Unmatch	Match	Match	63	Match	
EPI_ISL_10876942	1	1	Match	Match	Match	Unmatch	Match	64	Match	
EPI_ISL_11138322	2	1	Match	Match	Match	Unmatch	Match	64	Match	
OM443753.1	4	1	Match	Match	Match	Match	Match	65	Match	
EPI_ISL_9808817	2	1	Match	Match	Match	Unmatch	Match	65	Match	
EPI_ISL_9930221	4	1	Match	Match	Match	Match	Match	65	Match	
EPI_ISL_10558413	1	1	Match	Match	Match	Match	Match	65	Unmatch	
EPI_ISL_10722078	4	1	Unmatch	Match	Match	Unmatch	Match	65	Match	
EPI_ISL_10722819	1	1	Match	Match	Match	Unmatch	Match	65	Unmatch	
EPI_ISL_10868049	1	1	Unmatch	Unmatch	Unmatch	Match	Match	66	Match	
OM087739.1	1	1	Match	Match	Match	Match	Match	67	Unmatch	
EPI_ISL_8608841	1	1	Match	Match	Match	Unmatch	Match	67	Match	
EPI_ISL_9097873	1	1	Match	Match	Match	Unmatch	Match	67	Unmatch	
OM881121.1	1	1	Match	Match	Match	Unmatch	Match	67	Match	
OM941417.1	3	1	Match	Match	Match	Match	Match	67	Match	
EPI_ISL_10838114	1	1	Match	Match	Match	Match	Match	67	Unmatch	
EPI_ISL_10818697	1	1	Match	Match	Match	Unmatch	Match	67	Match	
EPI_ISL_10869203	2	1	Match	Match	Match	Unmatch	Match	67	Match	
EPI_ISL_11138048	2	1	Match	Match	Match	Match	Match	67	Unmatch	
EPI_ISL_8352673	4	1	Match	Match	Match	Match	Match	68	Match	
EPI_ISL_8592945	1	1	Match	Match	Match	Match	Match	68	Match	
EPI_ISL_8606640	1	1	Match	Match	Match	Match	Match	68	Match	
EPI_ISL_9093166	1	1	Match	Match	Match	Match	Match	68	Unmatch	
EPI_ISL_9099045	1	1	Match	Match	Match	Match	Match	68	Unmatch	
OM563160.1	2	1	Match	Match	Match	Match	Match	68	Match	
EPI_ISL_10092609	1	1	Match	Match	Match	Match	Match	68	Match	
EPI_ISL_10558902	1	1	Unmatch	Unmatch	Unmatch	Match	Match	68	Unmatch	
EPI_ISL_10715097	4	1	Match	Match	Match	Match	Match	68	Match	
EPI_ISL_11426783	1	2	Match	Match	Match	Unmatch	Match	68	Match	
OM119971.1	1	1	Match	Match	Match	Unmatch	Match	69	Match	
EPI_ISL_9806669	1	1	Match	Match	Match	Unmatch	Match	69	Match	
OM477651.1	1	1	Match	Match	Match	Unmatch	Match	69	Unmatch	
EPI_ISL_9805898	1	1	Match	Match	Match	Unmatch	Match	69	Match	
EPI_ISL_10006238	1	1	Match	Match	Match	Unmatch	Match	69	Match	
EPI_ISL_10715308	2	1	Unmatch	Unmatch	Unmatch	Match	Match	69	Match	
OM977196.1	1	1	Match	Match	Match	Match	Match	69	Match	
EPI_ISL_11293659	1	1	Match	Match	Match	Match	Match	69	Unmatch	
EPI_ISL_9807431	1	1	Match	Match	Match	Match	Match	69	Match	
OM087376.1	1	1	Match	Match	Match	Match	Match	70	Match	
OM087417.1	1	1	Match	Match	Match	Match	Match	70	Match	
EPI_ISL_9205917	1	1	Match	Match	Match	Unmatch	Match	70	Match	
OM682751.1	1	1	Match	Match	Match	Unmatch	Match	70	Match	
EPI_ISL_10558707	1	1	Match	Match	Match	Unmatch	Match	70	Unmatch	
EPI_ISL_10867081	2	1	Match	Match	Match	Match	Match	70	Match	
OM962577.1	3	1	Match	Match	Match	Match	Match	70	Match	
OM088575.1	1	1	Match	Match	Match	Unmatch	Match	71	Unmatch	
EPI_ISL_9099872	1	1	Match	Match	Match	Unmatch	Match	71	Unmatch	
OM086829.1	2	1	Match	Match	Match	Match	Match	71	Match	
OM093976.1	1	1	Match	Match	Match	Match	Match	71	Unmatch	
EPI_ISL_8749165	1	1	Match	Match	Match	Match	Match	71	Match	
EPI_ISL_9140057	1	1	Match	Match	Match	Match	Match	71	Match	
EPI_ISL_9099932	2	1	Match	Match	Match	Match	Match	71	Match	
EPI_ISL_9191913	1	1	Match	Match	Match	Match	Match	71	Unmatch	
EPI_ISL_9516288	1	1	Match	Match	Match	Match	Match	71	Unmatch	
OM854335.1	1	1	Match	Match	Match	Unmatch	Match	71	Unmatch	
OM880604.1	1	1	Match	Match	Match	Unmatch	Match	71	Match	
OM881010.1	1	1	Match	Match	Match	Unmatch	Match	71	Unmatch	
EPI_ISL_10715075	1	1	Match	Match	Match	Unmatch	Match	71	Match	
EPI_ISL_10715091	1	1	Unmatch	Unmatch	Unmatch	Unmatch	Match	71	Match	
EPI_ISL_10715417	2	1	Unmatch	Match	Match	Unmatch	Match	71	Match	
EPI_ISL_10867283	1	1	Unmatch	Match	Match	Unmatch	Match	71	Match	
EPI_ISL_11009752	1	1	Match	Match	Match	Unmatch	Match	71	Unmatch	
EPI_ISL_11146390	1	1	Match	Match	Match	Unmatch	Match	71	Match	
ON034614.1	1	1	Match	Match	Match	Match	Match	71	Unmatch	
ON047130.1	1	3	Unmatch	Match	Match	Match	Match	71	Unmatch	
OM118388.1	1	1	Match	Match	Match	Unmatch	Match	72	Match	
OM171393.1	1	1	Match	Match	Match	Unmatch	Match	72	Unmatch	
OM301442.1	1	1	Match	Match	Match	Match	Match	72	Unmatch	
OM300329.1	1	1	Match	Match	Match	Match	Match	72	Unmatch	
OM305444.1	1	1	Match	Match	Match	Unmatch	Match	72	Match	
OM464714.1	1	1	Match	Match	Match	Unmatch	Match	72	Match	
OM094871.1	1	1	Match	Match	Match	Unmatch	Match	72	Unmatch	
EPI_ISL_11146096	1	1	Match	Match	Match	Match	Match	72	Unmatch	
EPI_ISL_10086683	1	1	Match	Match	Match	Match	Match	72	Unmatch	
EPI_ISL_10559072	1	1	Match	Match	Match	Unmatch	Match	72	Match	
EPI_ISL_10715387	1	1	Match	Match	Match	Unmatch	Match	72	Match	
OM942588.1	1	1	Match	Match	Match	Match	Match	72	Unmatch	
EPI_ISL_10876836	1	1	Match	Match	Match	Match	Match	72	Unmatch	
ON038942.1	1	1	Match	Match	Match	Match	Match	72	Match	
OM118955.1	1	1	Match	Match	Match	Match	Match	72	Match	
OM092435.1	1	1	Match	Match	Match	Match	Match	73	Match	
OM085857.1	1	1	Match	Match	Match	Match	Match	73	Unmatch	
EPI_ISL_8325526	1	1	Match	Match	Match	Match	Match	73	Unmatch	
EPI_ISL_8329329	1	1	Match	Match	Match	Unmatch	Match	73	Match	
OM159536.1	1	1	Match	Match	Match	Unmatch	Match	73	Unmatch	
OM195254.1	1	1	Match	Match	Match	Unmatch	Match	73	Match	
OM195938.1	1	1	Match	Match	Match	Unmatch	Match	73	Unmatch	
EPI_ISL_8624274	1	1	Match	Match	Match	Match	Match	73	Match	
OM300970.1	1	1	Unmatch	Match	Match	Match	Match	73	Unmatch	
OM299951.1	2	1	Unmatch	Match	Match	Match	Match	73	Match	
EPI_ISL_11146791	1	1	Match	Match	Match	Match	Match	73	Unmatch	
EPI_ISL_9096869	1	1	Unmatch	Unmatch	Unmatch	Match	Match	73	Unmatch	
OM464745.1	1	1	Match	Match	Match	Match	Match	73	Match	
OM446446.1	1	1	Match	Match	Match	Match	Match	73	Unmatch	
OM620244.1	2	1	Unmatch	Unmatch	Unmatch	Match	Match	73	Match	
EPI_ISL_9806291	1	1	Match	Match	Match	Unmatch	Match	73	Unmatch	
OM700659.1	1	1	Match	Match	Match	Match	Match	73	Match	
OM726351.1	1	1	Match	Match	Match	Match	Match	73	Unmatch	
EPI_ISL_10248747	1	1	Unmatch	Match	Match	Unmatch	Match	73	Unmatch	
OM849005.1	1	1	Match	Match	Match	Unmatch	Match	73	Unmatch	
EPI_ISL_10557675	1	1	Match	Match	Match	Unmatch	Match	73	Match	
EPI_ISL_10606755	1	1	Match	Match	Match	Match	Match	73	Match	
OM911193.1	1	1	Match	Match	Match	Match	Match	73	Match	
EPI_ISL_10829137	1	1	Match	Match	Match	Unmatch	Match	73	Match	
EPI_ISL_10837567	1	1	Match	Match	Match	Unmatch	Match	73	Match	
EPI_ISL_10873353	1	1	Match	Match	Match	Match	Match	73	MultiAmb	
EPI_ISL_11138068	1	1	Unmatch	Unmatch	Unmatch	Match	Match	73	Match	
EPI_ISL_11146633	1	1	Unmatch	Unmatch	Unmatch	Unmatch	Match	73	Match	
ON041773.1	1	1	Match	Match	Match	Unmatch	Match	73	Unmatch	
EPI_ISL_8325526	1	1	Match	Match	Match	Unmatch	Match	73	Unmatch	
OM017479.1	1	1	Match	Match	Match	Unmatch	Match	74	Unmatch	
OM094399.1	1	1	Match	Match	Match	Unmatch	Match	74	Match	
OM087080.1	1	1	Match	Match	Match	Unmatch	Match	74	Unmatch	
OM092477.1	1	1	Match	Match	Match	Unmatch	Match	74	Match	
EPI_ISL_11192477	1	1	Match	Match	Match	Unmatch	Match	74	Match	
EPI_ISL_8624147	3	1	Match	Match	Match	Match	Match	74	Match	
OM620516.1	1	1	Match	Match	Match	Match	Match	74	Match	
OM615180.1	1	1	Match	Match	Match	Match	Match	74	Match	
EPI_ISL_9805725	1	1	Match	Match	Match	Match	Match	74	Unmatch	
EPI_ISL_10086424	1	1	Match	Match	Match	Match	Match	74	Match	
EPI_ISL_10084152	1	1	Match	Match	Match	Match	Match	74	Unmatch	
OM921063.1	1	1	Match	Match	Match	Match	Match	74	Unmatch	
EPI_ISL_10792246	1	1	Match	Match	Match	Match	Match	74	Match	
EPI_ISL_10831722	1	1	Match	Match	Match	Unmatch	Match	74	Match	
EPI_ISL_10823283	1	1	Match	Match	Match	Unmatch	Match	74	Match	
OM989295.1	2	1	Unmatch	Unmatch	Unmatch	Unmatch	Match	74	Match	
EPI_ISL_10876685	1	1	Match	Match	Match	Unmatch	Match	74	Unmatch	
EPI_ISL_10874949	1	1	Match	Match	Match	Unmatch	Match	74	Match	
EPI_ISL_11015104	1	1	Unmatch	Match	Match	Unmatch	Match	74	Match	
EPI_ISL_11146670	1	1	Match	Match	Match	Match	Match	74	Match	
EPI_ISL_11170875	1	1	Match	Match	Match	Match	Match	74	Match	
EPI_ISL_11261573	1	1	Match	Match	Match	Match	Match	74	Unmatch	
EPI_ISL_11316054	1	1	Match	Match	Match	Match	Match	74	Unmatch	
EPI_ISL_11427348	1	1	Unmatch	Unmatch	Match	Match	Match	74	Match	
OM101629.1	1	1	Match	Match	Match	Match	Match	74	Match	
OM013496.1	1	1	Match	Match	Match	Unmatch	Match	75	Unmatch	
OM092553.1	2	1	Match	Match	Match	Unmatch	Match	75	Unmatch	
EPI_ISL_8624703	1	1	Match	Match	Match	Unmatch	Match	75	Match	
EPI_ISL_9192034	1	1	Match	Match	Match	Unmatch	Match	75	Match	
OM447838.1	1	1	Match	Match	Match	Unmatch	Match	75	Unmatch	
EPI_ISL_9356714	1	1	Match	Match	Match	Unmatch	Match	75	Unmatch	
EPI_ISL_9516454	1	1	Match	Match	Match	Unmatch	Match	75	Unmatch	
OM621959.1	1	1	Match	Match	Match	Unmatch	Match	75	Match	
OM637007.1	1	1	Match	Match	Match	Match	Match	75	Unmatch	
EPI_ISL_9805667	1	1	Match	Match	Match	Match	Match	75	Unmatch	
EPI_ISL_9930068	1	1	Match	Match	Match	Match	Match	75	Match	
OM877143.1	1	1	Match	Match	Match	Match	Match	75	Unmatch	
EPI_ISL_11146184	2	1	Match	Match	Match	Match	Match	75	Match	
EPI_ISL_10715248	3	1	Match	Match	Match	Match	Match	75	Match	
EPI_ISL_10715753	1	1	Match	Match	Match	Match	Match	75	Match	
EPI_ISL_10792295	1	1	Match	Match	Match	Match	Match	75	Match	
EPI_ISL_10792578	1	1	Match	Match	Match	Unmatch	Match	75	Match	
EPI_ISL_10832939	1	1	Match	Match	Match	Unmatch	Match	75	Unmatch	
EPI_ISL_10873499	1	1	Match	Unmatch	Unmatch	Match	Match	75	Unmatch	
EPI_ISL_10944870	1	1	Unmatch	Match	Match	Match	Match	75	Unmatch	
EPI_ISL_11015349	1	2	Match	Match	Match	Unmatch	Match	75	Unmatch	
EPI_ISL_11104512	1	1	Match	Match	Match	Unmatch	Match	75	Match	
EPI_ISL_8592737	1	1	Match	Match	Match	Unmatch	Match	75	Match	
EPI_ISL_11192174	1	1	Match	Match	Match	Match	Match	75	Match	
ON058070.1	1	1	Match	Match	Match	Match	Match	75	Match	
EPI_ISL_9093193	1	1	Match	Match	Match	Unmatch	Match	76	Match	
EPI_ISL_9098879	1	1	Match	Match	Match	Unmatch	Match	76	Match	
EPI_ISL_9533976	1	1	Match	Match	Match	Match	Match	76	Match	
EPI_ISL_9535368	1	1	Match	Match	Match	Match	Match	76	Unmatch	
OM699768.1	1	1	Match	Match	Match	Unmatch	Match	76	Match	
OM738192.1	1	1	Match	Match	Match	Unmatch	Match	76	Match	
EPI_ISL_10092603	1	1	Match	Match	Match	Unmatch	Match	76	Unmatch	
OM880504.1	1	1	Match	Match	Match	Unmatch	Match	76	Unmatch	
EPI_ISL_10715339	2	1	Match	Match	Match	Match	Match	76	Match	
EPI_ISL_10723462	1	1	Match	Match	Match	Unmatch	Match	76	Match	
EPI_ISL_10831214	1	1	Match	Match	Match	Unmatch	Match	76	Unmatch	
EPI_ISL_11147257	1	1	Match	Match	Match	Match	Match	76	Match	
ON020561.1	1	1	Match	Match	Match	Match	Match	76	Unmatch	
EPI_ISL_11293297	1	1	Match	Match	Match	Match	Match	76	Match	
OM088448.1	1	1	Match	Match	Match	Match	Match	76	Match	
OM087451.1	1	1	Match	Match	Match	Match	Match	76	Match	
OM893566.1	1	1	Match	Match	Match	Unmatch	Match	76	Match	
EPI_ISL_11192286	1	1	Match	Match	Match	Unmatch	Match	77	Match	
OM195601.1	1	1	Match	Match	Match	Unmatch	Match	77	Unmatch	
EPI_ISL_9087915	1	1	Match	Match	Match	Unmatch	Match	77	Unmatch	
EPI_ISL_9100144	1	1	Match	Match	Match	Unmatch	Match	77	Match	
OM477134.1	1	1	Match	Match	Match	Unmatch	Match	77	Match	
OM445118.1	1	1	Match	Match	Match	Match	Match	77	Unmatch	
OM738035.1	1	1	Match	Match	Match	Match	Match	77	Unmatch	
EPI_ISL_10873651	2	1	Unmatch	Match	Match	Match	Match	77	Match	
EPI_ISL_11141664	1	1	Match	Match	Match	Unmatch	Match	77	Match	
ON035168.1	1	1	Match	Match	Match	Unmatch	Match	77	Unmatch	
ON079437.1	1	1	Match	Match	Match	Match	Match	77	Match	
OM090914.1	1	1	Match	Match	Match	Match	Match	78	Unmatch	
EPI_ISL_8624032	1	1	Match	Match	Match	Unmatch	Match	78	Unmatch	
OM295959.1	1	1	Match	Match	Match	Unmatch	Match	78	Unmatch	
EPI_ISL_9535127	1	1	Match	Match	Match	Unmatch	Match	78	Unmatch	
EPI_ISL_9805819	1	1	Match	Match	Match	Match	Match	78	Match	
OM699451.1	1	1	Match	Match	Match	Match	Match	78	Match	
EPI_ISL_10820828	1	1	Match	Match	Match	Unmatch	Match	78	Match	
EPI_ISL_10722315	1	1	Match	Match	Match	Unmatch	Match	78	Match	
EPI_ISL_10873642	1	1	Match	Match	Match	Match	Match	78	Match	
ON039081.1	1	1	Match	Match	Match	Match	Match	78	Match	
ON057700.1	1	2	Match	Match	Match	Match	Match	78	Match	
EPI_ISL_11404103	1	1	Unmatch	Match	Match	Match	Match	78	Unmatch	
EPI_ISL_11406209	1	1	Unmatch	Unmatch	Unmatch	Match	Match	78	Unmatch	
EPI_ISL_8325499	1	1	Match	Match	Match	Match	Match	79	Unmatch	
EPI_ISL_8524042	2	1	Match	Match	Match	Match	Match	79	Match	
EPI_ISL_10837179	1	1	Match	Match	Match	Match	Match	79	Match	
EPI_ISL_9205305	1	1	Match	Match	Match	Match	Match	79	Unmatch	
EPI_ISL_9534685	1	1	Unmatch	Unmatch	Unmatch	Unmatch	Match	79	Match	
EPI_ISL_9806203	1	1	Match	Match	Match	Unmatch	Match	79	Unmatch	
OM687864.1	1	1	Match	Match	Match	Unmatch	Match	79	Unmatch	
EPI_ISL_9929310	1	1	Match	Match	Match	Unmatch	Match	79	Unmatch	
EPI_ISL_9929362	1	1	Unmatch	Unmatch	Unmatch	Unmatch	Match	79	Match	
EPI_ISL_10084572	1	1	Match	Match	Match	Unmatch	Match	79	Unmatch	
EPI_ISL_10559052	1	1	Match	Match	Match	Match	Match	79	Match	
EPI_ISL_10910930	1	1	Match	Match	Match	Match	Match	79	Match	
OM924706.1	1	1	Match	Match	Match	Unmatch	Match	79	Unmatch	
EPI_ISL_10873494	2	1	Match	Match	Match	Match	Match	79	Match	
EPI_ISL_11015175	1	1	Match	Match	Match	Unmatch	Match	79	Match	
ON021188.1	1	1	Match	Match	Match	Match	Match	79	Unmatch	
EPI_ISL_8750837	1	1	Match	Match	Match	Match	Match	80	Match	
EPI_ISL_9205531	1	1	Match	Match	Match	Unmatch	Match	80	Match	
OM464922.1	1	1	Match	Match	Match	Unmatch	Match	80	Unmatch	
EPI_ISL_10715825	1	1	Match	Match	Match	Unmatch	Match	80	Unmatch	
EPI_ISL_10873390	1	1	Match	Match	Match	Unmatch	Match	80	Unmatch	
EPI_ISL_10873800	1	1	Match	Match	Match	Unmatch	Match	80	Unmatch	
EPI_ISL_11015244	1	1	Match	Match	Match	Unmatch	Match	80	Unmatch	
EPI_ISL_11017302	1	1	Unmatch	Unmatch	Unmatch	Unmatch	Match	80	Unmatch	
EPI_ISL_11102769	1	1	Match	Match	Match	Match	Match	80	Unmatch	
ON057475.1	1	1	Match	Match	Match	Match	Match	80	Match	
EPI_ISL_9097736	1	1	Match	Match	Match	Match	Match	81	Match	
EPI_ISL_10626639	1	1	Match	Match	Match	Match	Match	81	Match	
EPI_ISL_11014954	2	1	Match	Match	Match	Match	Match	81	Match	
EPI_ISL_11015461	1	1	Match	Match	Match	Match	Match	81	Match	
ON039167.1	1	1	Match	Match	Match	Match	Match	81	Match	
ON049334.1	1	2	Match	Match	Match	Unmatch	Match	81	Match	
EPI_ISL_11403895	1	1	Match	Match	Match	Unmatch	Match	81	Unmatch	
EPI_ISL_8405056	2	1	Match	Match	Match	Match	Match	82	Match	
EPI_ISL_11410634	1	1	Match	Match	Match	Unmatch	Match	82	Match	
EPI_ISL_8749125	1	1	Match	Match	Match	Unmatch	Match	82	Match	
EPI_ISL_9097651	1	1	Match	Match	Match	Match	Match	82	Unmatch	
OM695993.1	1	1	Match	MultiAmb	MultiAmb	Match	Match	82	Unmatch	
EPI_ISL_10792323	1	1	Match	Match	Match	Unmatch	Match	82	Match	
EPI_ISL_11146722	1	1	Match	Match	Match	Unmatch	Match	82	Unmatch	
EPI_ISL_10867594	1	1	Match	Match	Match	Match	Match	82	Unmatch	
EPI_ISL_10869267	1	1	Match	Match	Match	Match	Match	82	Unmatch	
EPI_ISL_11102989	1	1	Match	Match	Match	Unmatch	Match	82	Match	
EPI_ISL_11170666	2	1	Match	Match	Match	Match	Match	82	Match	
EPI_ISL_11427403	4	1	Unmatch	Unmatch	Unmatch	Match	Match	82	Match	
OM132342.1	2	1	Match	Match	Match	Match	Match	83	Match	
EPI_ISL_8625481	1	1	Unmatch	Match	Match	Match	Match	83	Match	
EPI_ISL_9206171	1	1	Match	Match	Match	Unmatch	Match	83	Match	
OM573287.1	1	1	Match	Match	Match	Unmatch	Match	83	Unmatch	
OM756409.1	1	1	Match	Match	Match	Match	Match	83	Match	
OM726650.1	1	1	Match	Match	Match	Match	Match	83	Match	
OM940433.1	1	1	Match	MultiAmb	MultiAmb	Unmatch	Match	83	Unmatch	
EPI_ISL_11102488	2	1	Match	Match	Match	Unmatch	Match	83	Match	
EPI_ISL_11413070	1	1	Match	Match	Match	Unmatch	Match	83	Match	
OM091918.1	2	1	Match	Match	Match	Match	Match	83	MultiAmb	
OM092360.1	1	1	Match	Match	Match	Match	Match	83	Match	
OM088203.1	1	1	Match	Match	Match	Match	Match	84	Unmatch	
OM461167.1	1	1	Match	Match	Match	Match	Match	84	Match	
EPI_ISL_9807239	1	1	Match	Match	Match	Unmatch	Match	84	Match	
EPI_ISL_8919411	1	1	Match	Match	Match	Unmatch	Match	84	Match	
EPI_ISL_10092324	2	1	Unmatch	Match	Match	Match	Match	84	Match	
OM904199.1	1	1	Unmatch	Match	Match	Unmatch	Match	84	Match	
OM925152.1	2	1	Match	Match	Match	Unmatch	Match	84	Match	
OM925303.1	1	1	Match	Match	Match	Unmatch	Match	84	Match	
EPI_ISL_10792369	1	1	Match	Match	Match	Unmatch	Match	84	Match	
EPI_ISL_10822848	1	1	Match	Match	Match	Match	Match	84	Match	
EPI_ISL_10877083	1	1	Unmatch	Match	Match	Match	Match	84	Unmatch	
EPI_ISL_10876832	1	1	Match	Match	Match	Match	Match	84	Unmatch	
EPI_ISL_11171047	1	1	Match	Match	Match	Match	Match	84	Unmatch	
EPI_ISL_11293419	1	1	Match	Match	Match	Match	Match	84	Match	
OM195807.1	1	1	Match	Match	Match	Match	Match	85	Unmatch	
OM088571.1	1	1	Match	Match	Match	Match	Match	85	Match	
EPI_ISL_9806040	1	1	Match	Match	Match	Unmatch	Match	85	Match	
OM686023.1	1	1	Match	Match	Match	Unmatch	Match	85	Match	
OM879233.1	1	1	Match	Match	Match	Match	Match	85	Match	
EPI_ISL_10558428	3	1	Match	Match	Match	Match	Match	85	Match	
EPI_ISL_10722604	1	1	Match	Match	Match	Unmatch	Match	85	Match	
OM924904.1	1	1	Match	Match	Match	Unmatch	Match	85	Unmatch	
EPI_ISL_10835601	1	1	Match	Match	Match	Match	Match	85	Unmatch	
EPI_ISL_11103445	2	1	Match	Match	Match	Match	Match	85	Match	
ON039129.1	1	1	Match	Match	Match	Match	Match	85	Match	
ON079696.1	1	1	Match	Match	Match	Match	Match	85	Unmatch	
ON091955.1	1	2	Match	Match	Match	Match	Match	85	Match	
ON094765.1	1	1	Match	Match	Match	Match	Match	85	Unmatch	
EPI_ISL_8306826	1	1	Unmatch	Match	Match	Match	Match	85	Unmatch	
OM195692.1	1	1	Match	Match	Match	Unmatch	Match	86	Match	
EPI_ISL_8623656	1	1	Match	Match	Match	Unmatch	Match	86	Unmatch	
EPI_ISL_9203194	1	1	Match	Match	Match	Unmatch	Match	86	Match	
EPI_ISL_9807594	1	1	Unmatch	Unmatch	Unmatch	Unmatch	Match	86	Match	
EPI_ISL_9807044	1	1	Match	Match	Match	Unmatch	Match	86	Match	
EPI_ISL_11146580	1	1	Match	Match	Match	Unmatch	Match	86	Match	
EPI_ISL_10817437	1	1	Match	Match	Match	Unmatch	Match	86	Unmatch	
EPI_ISL_10722185	2	1	Match	Match	Match	Unmatch	Match	86	Match	
EPI_ISL_10722749	1	1	Match	Match	Match	Unmatch	Match	86	Match	
OM924882.1	1	1	Match	Match	Match	Match	Match	86	Unmatch	
EPI_ISL_10792518	1	1	Match	Match	Match	Match	Match	86	Match	
EPI_ISL_10867246	1	1	Match	Match	Match	Match	Match	86	Unmatch	
EPI_ISL_10868183	2	1	Match	Match	Match	Match	Match	86	Match	
EPI_ISL_11293603	1	1	Match	Match	Match	Match	Match	86	Unmatch	
EPI_ISL_11138467	1	1	Match	Match	Match	Match	Match	86	Match	
ON020914.1	1	1	Match	Match	Match	Match	Match	86	Unmatch	
ON058089.1	1	1	Match	Match	Match	Unmatch	Match	86	Match	
ON048514.1	1	2	Match	Match	Match	Unmatch	Match	86	Match	
EPI_ISL_11403883	1	1	Unmatch	Unmatch	Match	Match	Match	86	Match	
EPI_ISL_11427120	1	1	Match	Match	Match	Match	Match	86	Match	
OM890345.1	1	1	Match	Match	Match	Match	Match	86	Match	
EPI_ISL_9806508	1	1	Match	Match	Match	Unmatch	Match	87	Match	
EPI_ISL_8918153	2	1	Match	Match	Match	Unmatch	Match	87	Match	
OM670878.1	1	1	Match	Match	Match	Match	Match	87	Unmatch	
EPI_ISL_9930047	1	1	Match	Match	Match	Match	Match	87	Unmatch	
EPI_ISL_10092731	2	1	Match	Match	Match	Match	Match	87	Match	
EPI_ISL_10248619	3	1	Match	Match	Match	Match	Match	87	Match	
OM881167.1	1	1	Match	Match	Match	Match	Match	87	Match	
EPI_ISL_10876770	1	1	Match	Match	Match	Match	Match	87	Unmatch	
EPI_ISL_11138223	1	1	Match	Match	Match	Match	Match	87	Match	
ON018106.1	1	1	Match	Match	Match	Unmatch	Match	87	Match	
EPI_ISL_11403887	1	1	Match	Match	Match	Unmatch	Match	87	Match	
EPI_ISL_8336769	1	1	Match	Match	Match	Unmatch	Match	88	Match	
EPI_ISL_9080527	1	1	Match	Match	Match	Unmatch	Match	88	Unmatch	
EPI_ISL_9759131	2	1	Match	Match	Match	Match	Match	88	Match	
OM676179.1	1	1	Match	Match	Match	Unmatch	Match	88	Unmatch	
EPI_ISL_9986582	1	1	Match	Match	Match	Unmatch	Match	88	Unmatch	
EPI_ISL_9988020	2	1	Match	Match	Match	Match	Match	88	Match	
EPI_ISL_10715116	1	1	Unmatch	Unmatch	Unmatch	Match	Match	88	Unmatch	
EPI_ISL_10715752	1	1	Match	Match	Match	Match	Match	88	Match	
EPI_ISL_10869424	1	1	Match	Match	Match	Match	Match	88	Match	
EPI_ISL_10873586	1	1	Match	Match	Match	Match	Match	88	Unmatch	
EPI_ISL_10873710	1	1	Match	Match	Match	Unmatch	Match	88	Match	
ON048932.1	1	1	Match	Match	Match	Unmatch	Match	88	Match	
EPI_ISL_8623697	1	1	Match	Match	Match	Unmatch	Match	89	Unmatch	
OM685436.1	1	1	Match	Match	Match	Match	Match	89	Unmatch	
OM811249.1	1	1	Match	Match	Match	Match	Match	89	Match	
EPI_ISL_10722160	1	1	Match	Match	Match	Unmatch	Match	89	Unmatch	
EPI_ISL_10876944	1	1	Match	Match	Match	Unmatch	Match	89	Match	
ON024514.1	1	1	Match	Match	Match	Unmatch	Match	89	Unmatch	
ON057706.1	1	1	Match	Match	Match	Match	Match	89	Unmatch	
OM756222.1	1	1	Match	Match	Match	Match	Match	90	Match	
EPI_ISL_10087217	1	1	Match	Match	Match	Unmatch	Match	90	Match	
OM926120.1	1	1	Match	Match	Match	Unmatch	Match	90	Unmatch	
EPI_ISL_11102584	1	1	Match	Match	Match	Match	Match	90	Match	
ON035022.1	2	1	Match	Match	Match	Match	Match	90	Match	
ON079493.1	1	1	Match	Match	Match	Match	Match	90	Unmatch	
EPI_ISL_8693844	1	1	Match	Match	Match	Unmatch	Match	91	Unmatch	
OM464504.1	1	1	Unmatch	Unmatch	Unmatch	Unmatch	Match	91	Unmatch	
EPI_ISL_10084175	1	1	Match	Match	Match	Match	Match	91	Unmatch	
OM881114.1	2	1	Match	Match	Match	Match	Match	91	Match	
EPI_ISL_10715010	1	2	Unmatch	Unmatch	Unmatch	Unmatch	Match	91	Match	
EPI_ISL_10722071	1	1	Unmatch	Unmatch	Unmatch	Unmatch	Match	91	Unmatch	
EPI_ISL_10867969	2	1	Match	Match	Match	Unmatch	Match	91	Match	
ON056462.1	1	1	Match	Match	Match	Unmatch	Match	91	Match	
ON092160.1	1	1	Match	Match	Match	Unmatch	Match	91	Match	
OM562702.1	1	1	Match	Match	Match	Unmatch	Match	92	Unmatch	
EPI_ISL_10831124	1	1	Match	Match	Match	Match	Match	92	Unmatch	
EPI_ISL_11207496	1	2	Match	Match	Match	Match	Match	92	Match	
EPI_ISL_11406360	1	1	Match	Match	Match	Match	Match	92	Match	
EPI_ISL_11427260	1	1	Unmatch	Unmatch	Unmatch	Match	Match	92	Match	
EPI_ISL_11427213	1	1	Match	Match	Match	Match	Match	92	Unmatch	
EPI_ISL_10828193	1	1	Match	Match	Match	Match	Match	93	Match	
ON034160.1	2	1	Match	Match	Match	Match	Match	93	Match	
ON035104.1	1	2	Unmatch	Unmatch	Unmatch	Unmatch	Match	93	Match	
ON049082.1	1	1	Match	Match	Match	Unmatch	Match	93	Unmatch	
OM086806.1	1	1	Match	Match	Match	Unmatch	Match	94	Unmatch	
OM171668.1	1	1	Match	Match	Match	Unmatch	Match	94	Unmatch	
EPI_ISL_9534885	2	1	Match	Match	Match	Unmatch	Match	94	Match	
EPI_ISL_10092395	1	1	Unmatch	Match	Match	Unmatch	Match	94	Match	
OM880861.1	1	1	Match	Match	Match	Unmatch	Match	94	Unmatch	
EPI_ISL_10792567	1	1	Unmatch	Unmatch	Unmatch	Match	Match	94	Match	
EPI_ISL_10873864	1	1	Match	Match	Match	Match	Match	94	Match	
EPI_ISL_11016965	2	1	Match	Match	Match	Match	Match	94	Match	
ON057776.1	1	1	Match	Match	Match	Unmatch	Match	94	Match	
EPI_ISL_11426885	1	1	Unmatch	Match	Match	Unmatch	Match	94	Match	
OM445092.1	2	1	Match	Match	Match	Match	Match	95	Match	
OM461142.1	1	1	Match	Match	Match	Match	Match	95	Unmatch	
EPI_ISL_10084110	2	1	Match	Match	Match	Unmatch	Match	95	Match	
EPI_ISL_10817355	1	1	Match	Match	Match	Unmatch	Match	95	Match	
EPI_ISL_10876863	1	1	Match	Match	Match	Unmatch	Match	95	Match	
EPI_ISL_11017233	2	1	Match	Match	Match	Match	Match	95	Match	
EPI_ISL_11017012	2	1	Unmatch	Unmatch	Unmatch	Match	Match	95	Match	
ON019231.1	1	1	Match	Match	Match	Unmatch	Match	95	Match	
ON020555.1	1	1	Match	Match	Match	Unmatch	Match	95	Match	
ON057439.1	1	1	Match	Match	Match	Unmatch	Match	95	Unmatch	
EPI_ISL_11293298	2	1	Match	Match	Match	Match	Match	95	Match	
EPI_ISL_8632610	2	1	Match	Match	Match	Match	Match	96	Match	
EPI_ISL_9920967	1	1	Match	Match	Match	Match	Match	96	Match	
EPI_ISL_10092502	1	1	Unmatch	Unmatch	Unmatch	Match	Match	96	Match	
OM879951.1	2	1	Match	Match	Match	Match	Match	96	MultiAmb	
EPI_ISL_10715003	1	1	Unmatch	Unmatch	Unmatch	Match	Match	96	Match	
EPI_ISL_10715355	1	1	Match	Match	Match	Match	Match	96	Match	
EPI_ISL_10723063	1	1	Match	Match	Match	Match	Match	96	Match	
OM940584.1	1	1	Match	Match	Match	Match	Match	96	Match	
EPI_ISL_10832976	1	1	Match	Match	Match	Unmatch	Match	96	Match	
OM977825.1	1	2	Unmatch	Unmatch	Unmatch	Unmatch	Match	96	Match	
EPI_ISL_11016954	1	1	Match	Match	Match	Unmatch	Match	96	Match	
EPI_ISL_11427259	1	1	Unmatch	Unmatch	Unmatch	Unmatch	Match	96	Unmatch	
OM670820.1	1	1	Match	Match	Match	Unmatch	Match	97	Match	
EPI_ISL_9929391	1	1	Unmatch	Unmatch	Unmatch	Unmatch	Match	97	Match	
EPI_ISL_10792573	1	1	Match	Match	Match	Unmatch	Match	97	Match	
EPI_ISL_10826601	1	1	Match	Match	Match	Unmatch	Match	97	Match	
EPI_ISL_11293358	2	1	Match	Match	Match	Match	Match	97	Match	
EPI_ISL_11427500	1	1	Unmatch	Unmatch	Unmatch	Match	Match	97	Match	
EPI_ISL_11436725	1	1	Match	Match	Match	Unmatch	Match	97	Match	
OM725871.1	1	1	Match	Match	Match	Unmatch	Match	98	Match	
OM878372.1	1	1	Match	Match	Match	Unmatch	Match	98	Match	
OM880768.1	1	1	Match	Match	Match	Match	Match	98	Match	
EPI_ISL_10722323	1	1	Match	Match	Match	Match	Match	98	Match	
EPI_ISL_10828148	1	1	Match	Match	Match	Unmatch	Match	98	Match	
EPI_ISL_10873503	2	1	Match	Match	Match	Unmatch	Match	98	Match	
OM999062.1	1	1	Match	Match	Match	Unmatch	Match	98	Match	
OM999546.1	1	1	Unmatch	Unmatch	Unmatch	Unmatch	Match	98	Match	
ON047106.1	2	1	Match	Match	Match	Match	Match	98	MultiAmb	
ON083925.1	1	2	Unmatch	Unmatch	Unmatch	Unmatch	Match	98	Match	
EPI_ISL_9807091	1	1	Match	Match	Match	Unmatch	Match	99	Match	
EPI_ISL_9806093	1	1	Match	Match	Match	Match	Match	99	Match	
EPI_ISL_9929721	1	1	Match	Match	Match	Match	Match	99	Match	
OM877675.1	1	1	Match	Match	Match	Match	Match	99	Match	
OM879260.1	2	1	Match	Match	Match	Match	Match	99	Match	
OM879388.1	1	1	Match	Match	Match	Match	Match	99	Match	
EPI_ISL_10641354	1	1	Unmatch	Unmatch	Unmatch	Match	Match	99	Match	
EPI_ISL_10715641	1	1	Unmatch	Unmatch	Unmatch	Match	Match	99	Match	
OM924290.1	1	1	Match	Match	Match	Match	Match	99	Match	
EPI_ISL_10873842	2	1	Unmatch	Unmatch	Unmatch	Unmatch	Match	99	Match	
OM962225.1	1	1	Unmatch	Unmatch	Unmatch	Unmatch	Match	99	Match	
EPI_ISL_11001296	1	1	Match	Match	Match	Unmatch	Match	99	Match	
EPI_ISL_10876988	1	1	Match	Match	Match	Unmatch	Match	99	Match	
EPI_ISL_11015209	1	1	Unmatch	Unmatch	Unmatch	Unmatch	Match	99	Match	
EPI_ISL_11138113	1	1	Match	Match	Match	Match	Match	99	Match	
ON019919.1	1	1	Match	Match	Match	Match	Match	99	Match	
ON020782.1	1	1	Match	Match	Match	Unmatch	Match	99	Match	
EPI_ISL_11191867	1	1	Match	Match	Match	Unmatch	Match	99	Match	
ON052677.1	1	1	Match	Match	Match	Unmatch	Match	99	Unmatch	
EPI_ISL_11293591	1	1	Match	Match	Match	Match	Match	99	Match	
EPI_ISL_11299458	2	2	Match	Match	Match	Match	Match	99	Match	
EPI_ISL_11426863	1	1	Match	Match	Match	Unmatch	Match	99	Unmatch	
EPI_ISL_9866179	2	1	Match	Match	Match	Match	Match	99	Match	
OM094325.1	1	1	Match	Match	Match	Unmatch	Match	100	Match	
OM086028.1	2	1	Match	Match	Match	Match	Match	100	Match	
OM195702.1	1	1	Match	Match	Match	Match	Match	100	Match	
OM119120.1	3	1	Match	Match	Match	Unmatch	Match	100	Match	
EPI_ISL_8748711	1	1	Match	Match	Match	Unmatch	Match	100	Match	
EPI_ISL_9141836	1	1	Unmatch	Unmatch	Unmatch	Match	Match	100	Match	
EPI_ISL_9099231	2	1	Match	Match	Match	Match	Match	100	Match	
OM478078.1	1	1	Match	Match	Match	Unmatch	Match	100	Match	
OM464326.1	1	1	Match	Match	Match	Unmatch	Match	100	Match	
OM527927.1	1	1	Match	Match	Match	Match	Match	100	Match	
EPI_ISL_9535438	1	1	Unmatch	Unmatch	Unmatch	Match	Match	100	Match	
EPI_ISL_9535537	2	1	Match	Match	Match	Match	Match	100	Match	
EPI_ISL_9535643	2	1	Match	Match	Match	Match	Match	100	Match	
OM615317.1	1	1	Match	Match	Match	Match	Match	100	Match	
OM669254.1	1	1	Match	Match	Match	Unmatch	Match	100	Match	
EPI_ISL_9807351	1	1	Unmatch	Unmatch	Unmatch	Unmatch	Match	100	Match	
EPI_ISL_9807976	2	1	Match	Match	Match	Unmatch	Match	100	Match	
EPI_ISL_9807328	1	1	Match	Match	Match	Unmatch	Match	100	Match	
EPI_ISL_9805945	1	1	Match	Match	Match	Unmatch	Match	100	Match	
OM681936.1	1	1	Unmatch	Unmatch	Unmatch	Unmatch	Match	100	Match	
EPI_ISL_10092337	1	1	Match	Match	Match	Unmatch	Match	100	Match	
EPI_ISL_11102526	2	1	Match	Match	Match	Match	Match	100	Match	
EPI_ISL_8918069	2	1	Match	Match	Match	Match	Match	100	Match	
OM759625.1	1	1	Match	Match	Match	Match	Match	100	Match	
EPI_ISL_10086187	2	1	Match	Match	Match	Match	Match	100	Match	
EPI_ISL_10084159	1	1	Match	Match	Match	Match	Match	100	Match	
EPI_ISL_10092460	1	1	Unmatch	Unmatch	Unmatch	Match	Match	100	Match	
OM803582.1	1	1	Match	Match	Match	Match	Match	100	Match	
OM803980.1	1	1	Match	Match	Match	Unmatch	Match	100	Match	
EPI_ISL_10248968	1	1	Unmatch	MultiAmb	MultiAmb	Unmatch	Match	100	Match	
OM863291.1	1	1	Match	Match	Match	Match	Match	100	Match	
OM880938.1	1	1	Match	Match	Match	Match	Match	100	Match	
OM870613.1	1	1	Match	Match	Match	Match	Match	100	Match	
OM873981.1	1	1	Unmatch	Match	Match	Unmatch	Match	100	Match	
OM877133.1	1	1	Match	Match	Match	Unmatch	Match	100	Match	
EPI_ISL_10558133	1	2	Unmatch	Unmatch	Unmatch	Unmatch	Match	100	Match	
EPI_ISL_10626604	1	1	Match	Match	Match	Match	Match	100	Match	
EPI_ISL_10655474	1	1	Match	Match	Match	Match	Match	100	Match	
EPI_ISL_10706430	1	1	Match	Match	Match	Match	Match	100	Match	
EPI_ISL_10714957	1	1	Match	Match	Match	Match	Match	100	Match	
EPI_ISL_10715175	1	1	Unmatch	Unmatch	Unmatch	Match	Match	100	Match	
EPI_ISL_10715189	1	1	Match	Match	Match	Match	Match	100	Match	
EPI_ISL_10715286	1	1	Match	Match	Match	Match	Match	100	Match	
EPI_ISL_10715528	1	1	Unmatch	Match	Match	Unmatch	Match	100	Match	
EPI_ISL_10722439	1	1	Match	Match	Match	Unmatch	Match	100	Match	
EPI_ISL_10722710	1	1	Match	Match	Match	Unmatch	Match	100	Match	
EPI_ISL_10723153	1	1	Match	Match	Match	Unmatch	Match	100	Match	
OM941005.1	1	1	Match	Match	Match	Unmatch	Match	100	Match	
OM941064.1	1	1	Match	Match	Match	Unmatch	Match	100	Match	
OM941209.1	1	1	Match	Match	Match	Unmatch	Match	100	Match	
OM941318.1	1	1	Match	Match	Match	Unmatch	Match	100	Match	
OM921027.1	1	1	Match	Match	Match	Unmatch	Match	100	Match	
OM921267.1	1	1	Match	Match	Match	Unmatch	Match	100	Match	
OM921323.1	1	1	Match	Match	Match	Match	Match	100	Match	
OM925359.1	2	1	Match	Match	Match	Match	Match	100	Match	
OM926944.1	1	1	Match	Match	Match	Unmatch	Match	100	Match	
EPI_ISL_10792054	1	1	Unmatch	Unmatch	Unmatch	Unmatch	Match	100	Match	
EPI_ISL_10792186	1	1	Match	Match	Match	Match	Match	100	Match	
EPI_ISL_10792317	1	1	Unmatch	Unmatch	Unmatch	Match	Match	100	Match	
EPI_ISL_10838111	2	1	Match	Match	Match	Match	Match	100	Match	
EPI_ISL_10837655	1	1	Match	Match	Match	Unmatch	Match	100	Match	
EPI_ISL_10835332	1	1	Match	Match	Match	Unmatch	Match	100	Match	
EPI_ISL_10835466	2	1	Match	Match	Match	Match	Match	100	Match	
EPI_ISL_10834679	1	1	Match	Match	Match	Match	Match	100	Match	
EPI_ISL_10832246	2	1	Match	Match	Match	Match	Match	100	Match	
EPI_ISL_10867367	1	1	Match	Match	Match	Unmatch	Match	100	Match	
EPI_ISL_10873620	1	1	Match	Match	Match	Unmatch	Match	100	Match	
EPI_ISL_11293446	1	1	Unmatch	Unmatch	Unmatch	Match	Match	100	Match	
EPI_ISL_10873824	1	1	Match	Match	Match	Match	Match	100	Match	
EPI_ISL_10873856	1	1	Match	Match	Match	Match	Match	100	Match	
EPI_ISL_11017169	1	1	Unmatch	Unmatch	Unmatch	Match	Match	100	Match	
ON031811.1	1	1	Match	Unmatch	Unmatch	Match	Match	100	Match	
OM990840.1	1	1	Match	Match	Match	Match	Match	100	Match	
OM968630.1	2	1	Match	Match	Match	Match	Match	100	Match	
OM962634.1	1	1	Match	Match	Match	Unmatch	Match	100	Match	
OM962731.1	1	2	Match	Match	Match	Unmatch	Match	100	Match	
OM954434.1	1	1	Match	Match	Match	Unmatch	Match	100	Match	
OM954759.1	1	1	Unmatch	Unmatch	Unmatch	Unmatch	Match	100	Match	
EPI_ISL_10877132	1	2	Unmatch	Unmatch	Unmatch	Unmatch	Match	100	Match	
EPI_ISL_10878024	1	1	Match	Match	Match	Match	Match	100	Match	
EPI_ISL_11017037	1	1	Unmatch	Unmatch	Unmatch	Match	Match	100	Match	
EPI_ISL_11138191	1	1	Unmatch	Unmatch	Unmatch	Match	Match	100	Match	
EPI_ISL_11137950	1	1	Unmatch	Unmatch	Unmatch	Match	Match	100	Match	
EPI_ISL_11146944	1	1	Unmatch	Unmatch	Unmatch	Match	Match	100	Match	
EPI_ISL_11146653	1	1	Match	Match	Match	Match	Match	100	Match	
EPI_ISL_11146582	1	1	Match	Match	Match	Unmatch	Match	100	Match	
ON018998.1	1	1	Match	Match	Match	Unmatch	Match	100	Match	
ON019474.1	1	1	Match	Match	Match	Match	Match	100	Match	
ON019825.1	1	1	Match	Match	Match	Match	Match	100	Match	
ON019975.1	1	2	Unmatch	Unmatch	Unmatch	Unmatch	Match	100	Match	
ON020570.1	1	1	Unmatch	Unmatch	Unmatch	Unmatch	Match	100	Match	
ON039139.1	1	1	Match	Match	Match	Unmatch	Match	100	Match	
ON039274.1	1	2	Match	Match	Match	Match	Match	100	Match	
ON033950.1	1	1	Unmatch	Unmatch	Unmatch	Match	Match	100	Match	
ON034002.1	1	1	Match	Match	Match	Match	Match	100	Match	
ON034511.1	1	1	Match	Match	Match	Unmatch	Match	100	Match	
ON034941.1	1	2	Unmatch	Unmatch	Unmatch	Unmatch	Match	100	Match	
ON035443.1	2	1	Unmatch	Unmatch	Unmatch	Match	Match	100	Match	
ON057753.1	1	1	Match	Match	Match	Match	Match	100	Match	
ON056937.1	1	1	Match	Match	Match	Unmatch	Match	100	Match	
ON056948.1	1	1	Match	Match	Match	Unmatch	Match	100	Match	
ON057385.1	1	1	Match	Match	Match	Unmatch	Match	100	Match	
ON057572.1	1	2	Unmatch	Unmatch	Unmatch	Unmatch	Match	100	Match	
ON058047.1	1	1	Match	Match	Match	Unmatch	Match	100	Match	
ON052607.1	1	1	Match	Match	Match	Unmatch	Match	100	Match	
EPI_ISL_11293211	1	1	Unmatch	MultiAmb	MultiAmb	Unmatch	Match	100	Match	
EPI_ISL_11293500	1	1	Match	Match	Match	Unmatch	Match	100	Match	
EPI_ISL_11293421	2	1	Match	Match	Match	Unmatch	Match	100	Match	
EPI_ISL_11293590	1	1	Match	Match	Match	Match	Match	100	Match	
EPI_ISL_11293282	1	1	Match	Match	Match	Match	Match	100	Match	
EPI_ISL_11261654	1	1	Unmatch	Unmatch	Unmatch	Match	Match	100	Match	
EPI_ISL_11299594	1	1	Match	Match	Match	Match	Match	100	Match	
EPI_ISL_11405958	1	1	Unmatch	Unmatch	Unmatch	Match	Match	100	Match	
EPI_ISL_11406081	1	1	Match	Match	Match	Match	Match	100	Match	
EPI_ISL_11426934	1	1	Unmatch	Unmatch	Unmatch	Match	Match	100	Match	
ON084176.1	1	2	Unmatch	Unmatch	Unmatch	Match	Match	100	Match	
ON084211.1	1	1	Match	Match	Match	Unmatch	Match	100	Match	
EPI_ISL_11436765	1	2	Unmatch	Unmatch	Unmatch	Unmatch	Match	100	Match	
